location_name,horizon,quantile_0.025_per100k,quantile_0.5_per100k,quantile_0.975_per100k,quantile_0.025_count,quantile_0.5_count,quantile_0.975_count,quantile_0.025_per100k_rounded,quantile_0.5_per100k_rounded,quantile_0.975_per100k_rounded,quantile_0.025_count_rounded,quantile_0.5_count_rounded,quantile_0.975_count_rounded,target,target_end_date,reference_date,forecast_due_date,target_end_date_formatted,forecast_due_date_formatted,reference_date_formatted,model
US,0,0.5913542877403397,1.012911175030871,1.3874291159632142,1974.23465748329,3381.60116220572,4631.92827433883,0.59,1.01,1.39,1974,3382,4632,wk inc covid hosp,2025-07-05,2025-07-05,2025-07-02,"July 05, 2025","July 02, 2025","July 05, 2025",CovidHub-ensemble
US,1,0.5565443554787153,1.0031129916950088,1.6105494821927304,1858.02179470327,3348.88995418193,5376.81500118386,0.56,1,1.61,1858,3349,5377,wk inc covid hosp,2025-07-12,2025-07-05,2025-07-02,"July 12, 2025","July 02, 2025","July 05, 2025",CovidHub-ensemble
US,2,0.4247359341533258,0.969597926041718,1.9049683964584108,1417.9797438997,3237,6359.73173386363,0.42,0.97,1.9,1418,3237,6360,wk inc covid hosp,2025-07-19,2025-07-05,2025-07-02,"July 19, 2025","July 02, 2025","July 05, 2025",CovidHub-ensemble
Alabama,0,0.6752628997300897,1.1674035163975005,1.8342824846033075,34.4205876983107,59.5067715574748,93.5,0.68,1.17,1.83,34,60,94,wk inc covid hosp,2025-07-05,2025-07-05,2025-07-02,"July 05, 2025","July 02, 2025","July 05, 2025",CovidHub-ensemble
Alabama,1,0.5632941009459934,1.1798205359203284,2.184811048266348,28.7131338169217,60.1397118679938,111.36770629802,0.56,1.18,2.18,29,60,111,wk inc covid hosp,2025-07-12,2025-07-05,2025-07-02,"July 12, 2025","July 02, 2025","July 05, 2025",CovidHub-ensemble
Alabama,2,0.4723673378753202,1.1236902401956483,2.3166989487332956,24.0782684575948,57.2785480645393,118.090508700141,0.47,1.12,2.32,24,57,118,wk inc covid hosp,2025-07-19,2025-07-05,2025-07-02,"July 19, 2025","July 02, 2025","July 05, 2025",CovidHub-ensemble
Alaska,0,0.26148480443755684,0.8356239325317019,1.7061983743731375,1.86101611651058,5.9472274464607,12.1432015122348,0.26,0.84,1.71,2,6,12,wk inc covid hosp,2025-07-05,2025-07-05,2025-07-02,"July 05, 2025","July 02, 2025","July 05, 2025",CovidHub-ensemble
Alaska,1,0.421519408861181,0.9619234801245983,2.007540152820597,3,6.84611521962958,14.287884097041,0.42,0.96,2.01,3,7,14,wk inc covid hosp,2025-07-12,2025-07-05,2025-07-02,"July 12, 2025","July 02, 2025","July 05, 2025",CovidHub-ensemble
Alaska,2,0.14050646962039368,0.7723822404224706,2.284992100749911,1,5.49712936713317,16.2625401301682,0.14,0.77,2.28,1,5,16,wk inc covid hosp,2025-07-19,2025-07-05,2025-07-02,"July 19, 2025","July 02, 2025","July 05, 2025",CovidHub-ensemble
Arizona,0,0.4285313156181766,0.999496310134921,1.632037351804939,31.7715088643368,74.1031162017057,121,0.43,1,1.63,32,74,121,wk inc covid hosp,2025-07-05,2025-07-05,2025-07-02,"July 05, 2025","July 02, 2025","July 05, 2025",CovidHub-ensemble
Arizona,1,0.37646040076348325,1.0553522026840418,1.9247991923185395,27.910947284389,78.2442977690081,142.705497526125,0.38,1.06,1.92,28,78,143,wk inc covid hosp,2025-07-12,2025-07-05,2025-07-02,"July 12, 2025","July 02, 2025","July 05, 2025",CovidHub-ensemble
Arizona,2,0.32220884717597514,1.052057135874258,1.9004440433156335,23.8887121456965,78,140.899795575681,0.32,1.05,1.9,24,78,141,wk inc covid hosp,2025-07-19,2025-07-05,2025-07-02,"July 19, 2025","July 02, 2025","July 05, 2025",CovidHub-ensemble
Arkansas,0,0.09017979975601474,0.38352025535955897,0.9951211042591425,2.76308742137235,11.7509685793556,30.4902718054351,0.09,0.38,1,3,12,30,wk inc covid hosp,2025-07-05,2025-07-05,2025-07-02,"July 05, 2025","July 02, 2025","July 05, 2025",CovidHub-ensemble
Arkansas,1,0.0709952955821077,0.3745641873808476,1.0958937387426828,2.17527881776484,11.4765568059442,33.5779211405785,0.07,0.37,1.1,2,11,34,wk inc covid hosp,2025-07-12,2025-07-05,2025-07-02,"July 12, 2025","July 02, 2025","July 05, 2025",CovidHub-ensemble
Arkansas,2,0.03263733136290885,0.321036381207454,1.305493254516354,1,9.8364776714649,40,0.03,0.32,1.31,1,10,40,wk inc covid hosp,2025-07-19,2025-07-05,2025-07-02,"July 19, 2025","July 02, 2025","July 05, 2025",CovidHub-ensemble
California,0,0.8455923123440362,1.3362609771594438,1.9422612464838669,328.328130470874,518.845857569057,754.144751122837,0.85,1.34,1.94,328,519,754,wk inc covid hosp,2025-07-05,2025-07-05,2025-07-02,"July 05, 2025","July 02, 2025","July 05, 2025",CovidHub-ensemble
California,1,0.7530354948620696,1.3801920999115744,2.1945790801609775,292.39,535.903514305209,852.115181324621,0.75,1.38,2.19,292,536,852,wk inc covid hosp,2025-07-12,2025-07-05,2025-07-02,"July 12, 2025","July 02, 2025","July 05, 2025",CovidHub-ensemble
California,2,0.5849827373549671,1.3729070732131374,2.36458201371375,227.138167778596,533.074870807141,918.12423146986,0.58,1.37,2.36,227,533,918,wk inc covid hosp,2025-07-19,2025-07-05,2025-07-02,"July 19, 2025","July 02, 2025","July 05, 2025",CovidHub-ensemble
Colorado,0,0.2530933368951111,0.5593012597554009,0.9840301322005978,14.7890459806593,32.6817455925015,57.5,0.25,0.56,0.98,15,33,58,wk inc covid hosp,2025-07-05,2025-07-05,2025-07-02,"July 05, 2025","July 02, 2025","July 05, 2025",CovidHub-ensemble
Colorado,1,0.19489744618904978,0.5647477280455604,1.120010287158458,11.3884756057306,33,65.445751511279,0.19,0.56,1.12,11,33,65,wk inc covid hosp,2025-07-12,2025-07-05,2025-07-02,"July 12, 2025","July 02, 2025","July 05, 2025",CovidHub-ensemble
Colorado,2,0.14721231123815462,0.4989814765600771,1.2626825765742369,8.602082008672,29.157069446686,73.7825456530004,0.15,0.5,1.26,9,29,74,wk inc covid hosp,2025-07-19,2025-07-05,2025-07-02,"July 19, 2025","July 02, 2025","July 05, 2025",CovidHub-ensemble
Connecticut,0,0.4225762220953159,0.9000898646581148,1.692262377350426,15.2648222890424,32.5141622026126,61.13,0.42,0.9,1.69,15,33,61,wk inc covid hosp,2025-07-05,2025-07-05,2025-07-02,"July 05, 2025","July 02, 2025","July 05, 2025",CovidHub-ensemble
Connecticut,1,0.39434067050115384,0.8769414608257343,2.0070181965958755,14.2448626822741,31.6779668553586,72.5,0.39,0.88,2.01,14,32,72,wk inc covid hosp,2025-07-12,2025-07-05,2025-07-02,"July 12, 2025","July 02, 2025","July 05, 2025",CovidHub-ensemble
Connecticut,2,0.31525411341839765,0.9593416966012297,2.602202903172584,11.388,34.6545303483334,94,0.32,0.96,2.6,11,35,94,wk inc covid hosp,2025-07-19,2025-07-05,2025-07-02,"July 19, 2025","July 02, 2025","July 05, 2025",CovidHub-ensemble
Delaware,0,0.10347966616133239,0.6088187907734282,1.3075923080528995,1.06422834826293,6.26134814820606,13.4478284847854,0.1,0.61,1.31,1,6,13,wk inc covid hosp,2025-07-05,2025-07-05,2025-07-02,"July 05, 2025","July 02, 2025","July 05, 2025",CovidHub-ensemble
Delaware,1,0.13065567618498178,0.5920593823935983,1.4364648882442277,1.34371784927035,6.08898735347637,14.7732082259567,0.13,0.59,1.44,1,6,15,wk inc covid hosp,2025-07-12,2025-07-05,2025-07-02,"July 12, 2025","July 02, 2025","July 05, 2025",CovidHub-ensemble
Delaware,2,0.11030283925042443,0.5666863454015734,1.6529857784882374,1.13440072604385,5.82804038437485,17,0.11,0.57,1.65,1,6,17,wk inc covid hosp,2025-07-19,2025-07-05,2025-07-02,"July 19, 2025","July 02, 2025","July 05, 2025",CovidHub-ensemble
District of Columbia,0,0.10722363625546294,0.6701522673857001,1.7757284556045692,0.724594816850805,4.52874829101641,12,0.11,0.67,1.78,1,5,12,wk inc covid hosp,2025-07-05,2025-07-05,2025-07-02,"July 05, 2025","July 02, 2025","July 05, 2025",CovidHub-ensemble
District of Columbia,1,0.14797737130038074,0.7398868565019038,2.039168904909623,1,5,13.7802752339092,0.15,0.74,2.04,1,5,14,wk inc covid hosp,2025-07-12,2025-07-05,2025-07-02,"July 12, 2025","July 02, 2025","July 05, 2025",CovidHub-ensemble
District of Columbia,2,0.10888634017758232,0.5877353160459869,2.0402824977696254,0.735831020788664,3.97179184142241,13.7878006606026,0.11,0.59,2.04,1,4,14,wk inc covid hosp,2025-07-19,2025-07-05,2025-07-02,"July 19, 2025","July 02, 2025","July 05, 2025",CovidHub-ensemble
Florida,0,1.8774780545760568,2.8494017631338626,3.85139173506899,423.386170933093,642.56266484865,868.519339280599,1.88,2.85,3.85,423,643,869,wk inc covid hosp,2025-07-05,2025-07-05,2025-07-02,"July 05, 2025","July 02, 2025","July 05, 2025",CovidHub-ensemble
Florida,1,1.8160062045131409,2.9745866882724337,4.266626868654639,409.523781886853,670.792856932005,962.158150566421,1.82,2.97,4.27,410,671,962,wk inc covid hosp,2025-07-12,2025-07-05,2025-07-02,"July 12, 2025","July 02, 2025","July 05, 2025",CovidHub-ensemble
Florida,2,1.5357040242380313,3.0331528932553677,4.697179732278316,346.313420241548,684,1059.25123129224,1.54,3.03,4.7,346,684,1059,wk inc covid hosp,2025-07-19,2025-07-05,2025-07-02,"July 19, 2025","July 02, 2025","July 05, 2025",CovidHub-ensemble
Georgia,0,0.42616712158598696,0.749196948734882,1.3297391521339652,46.7606206137507,82.2046387679931,145.903859914827,0.43,0.75,1.33,47,82,146,wk inc covid hosp,2025-07-05,2025-07-05,2025-07-02,"July 05, 2025","July 02, 2025","July 05, 2025",CovidHub-ensemble
Georgia,1,0.36642409045894564,0.7729037181219539,1.620889812770681,40.2053959815675,84.8058325089863,177.849978922812,0.37,0.77,1.62,40,85,178,wk inc covid hosp,2025-07-12,2025-07-05,2025-07-02,"July 12, 2025","July 02, 2025","July 05, 2025",CovidHub-ensemble
Georgia,2,0.29524639786331247,0.7932969240592016,1.817812655404044,32.3955183278428,87.0434499074869,199.457075923377,0.3,0.79,1.82,32,87,199,wk inc covid hosp,2025-07-19,2025-07-05,2025-07-02,"July 19, 2025","July 02, 2025","July 05, 2025",CovidHub-ensemble
Hawaii,0,1.0191521164827206,1.8790731751056322,3.0525023159257,14.216,26.2109098585722,42.5788969295002,1.02,1.88,3.05,14,26,43,wk inc covid hosp,2025-07-05,2025-07-05,2025-07-02,"July 05, 2025","July 02, 2025","July 05, 2025",CovidHub-ensemble
Hawaii,1,1.1470479645275418,2.051920636195622,3.441143893582625,16,28.6219331661973,48,1.15,2.05,3.44,16,29,48,wk inc covid hosp,2025-07-12,2025-07-05,2025-07-02,"July 12, 2025","July 02, 2025","July 05, 2025",CovidHub-ensemble
Hawaii,2,0.922867921746266,1.882582948960244,3.640322202664155,12.8729462102504,26.2598671676041,50.7783083566319,0.92,1.88,3.64,13,26,51,wk inc covid hosp,2025-07-19,2025-07-05,2025-07-02,"July 19, 2025","July 02, 2025","July 05, 2025",CovidHub-ensemble
Idaho,0,0.02302198404228437,0.4079120663958471,0.943243152056708,0.451508762576164,8,18.4989507251568,0.02,0.41,0.94,0,8,18,wk inc covid hosp,2025-07-05,2025-07-05,2025-07-02,"July 05, 2025","July 02, 2025","July 05, 2025",CovidHub-ensemble
Idaho,1,0.15296702489844263,0.4386020178559657,1.1697230647453023,3,8.60189347633245,22.9406906263994,0.15,0.44,1.17,3,9,23,wk inc covid hosp,2025-07-12,2025-07-05,2025-07-02,"July 12, 2025","July 02, 2025","July 05, 2025",CovidHub-ensemble
Idaho,2,0.05098900829948089,0.3846080013975822,1.3144425556663575,1,7.54295904596948,25.7789394127075,0.05,0.38,1.31,1,8,26,wk inc covid hosp,2025-07-19,2025-07-05,2025-07-02,"July 19, 2025","July 02, 2025","July 05, 2025",CovidHub-ensemble
Illinois,0,0.13964568512302883,0.4521236871928711,0.9003149991172787,17.5015619046319,56.6639111905618,112.83498431647,0.14,0.45,0.9,18,57,113,wk inc covid hosp,2025-07-05,2025-07-05,2025-07-02,"July 05, 2025","July 02, 2025","July 05, 2025",CovidHub-ensemble
Illinois,1,0.09574849551186906,0.4526695629001908,1.1039356647753893,12,56.7323248868065,138.354424333096,0.1,0.45,1.1,12,57,138,wk inc covid hosp,2025-07-12,2025-07-05,2025-07-02,"July 12, 2025","July 02, 2025","July 05, 2025",CovidHub-ensemble
Illinois,2,0.05585328904859029,0.3751715857183148,1.3067795050266124,7,47.0196320532441,163.776506111007,0.06,0.38,1.31,7,47,164,wk inc covid hosp,2025-07-19,2025-07-05,2025-07-02,"July 19, 2025","July 02, 2025","July 05, 2025",CovidHub-ensemble
Indiana,0,0.17211631812373035,0.42669035862097354,0.8669085273928494,11.8091243376827,29.2757802024512,59.479721045509,0.17,0.43,0.87,12,29,59,wk inc covid hosp,2025-07-05,2025-07-05,2025-07-02,"July 05, 2025","July 02, 2025","July 05, 2025",CovidHub-ensemble
Indiana,1,0.12388629861261921,0.4291501396609553,0.9446686510935821,8.5,29.444548977319698,64.8149442207771,0.12,0.43,0.94,8,29,65,wk inc covid hosp,2025-07-12,2025-07-05,2025-07-02,"July 12, 2025","July 02, 2025","July 05, 2025",CovidHub-ensemble
Indiana,2,0.07287429330154072,0.3789463251680117,1.3220818514242274,5,26,90.7097545326231,0.07,0.38,1.32,5,26,91,wk inc covid hosp,2025-07-19,2025-07-05,2025-07-02,"July 19, 2025","July 02, 2025","July 05, 2025",CovidHub-ensemble
Iowa,0,0.11036119723839716,0.32314762677705705,0.706892573737364,3.53896575518735,10.3624137255751,22.6680089891449,0.11,0.32,0.71,4,10,23,wk inc covid hosp,2025-07-05,2025-07-05,2025-07-02,"July 05, 2025","July 02, 2025","July 05, 2025",CovidHub-ensemble
Iowa,1,0.06010928402321038,0.3173956982961083,0.8077522882356943,1.92753162388637,10.1779659447451,25.9022895571286,0.06,0.32,0.81,2,10,26,wk inc covid hosp,2025-07-12,2025-07-05,2025-07-02,"July 12, 2025","July 02, 2025","July 05, 2025",CovidHub-ensemble
Iowa,2,0.018731088591225405,0.31184590321800026,0.9979068902976007,0.600652065585456,10,32,0.02,0.31,1,1,10,32,wk inc covid hosp,2025-07-19,2025-07-05,2025-07-02,"July 19, 2025","July 02, 2025","July 05, 2025",CovidHub-ensemble
Kansas,0,0.2143490221203879,0.6272223182940134,1.313182142292899,6.25922937332988,18.3155879109585,38.3463761871306,0.21,0.63,1.31,6,18,38,wk inc covid hosp,2025-07-05,2025-07-05,2025-07-02,"July 05, 2025","July 02, 2025","July 05, 2025",CovidHub-ensemble
Kansas,1,0.17122636776478703,0.6639601488016209,1.8864008936646586,5,19.3883733407725,55.085,0.17,0.66,1.89,5,19,55,wk inc covid hosp,2025-07-12,2025-07-05,2025-07-02,"July 12, 2025","July 02, 2025","July 05, 2025",CovidHub-ensemble
Kansas,2,0.17122636776478703,0.9262091097054153,2.6363259591878703,5,27.0463340955099,76.9836443301005,0.17,0.93,2.64,5,27,77,wk inc covid hosp,2025-07-19,2025-07-05,2025-07-02,"July 19, 2025","July 02, 2025","July 05, 2025",CovidHub-ensemble
Kentucky,0,0.033263775083658395,0.23343842787030009,0.7194701895027509,1.5,10.5266958102261,32.443860672456,0.03,0.23,0.72,2,11,32,wk inc covid hosp,2025-07-05,2025-07-05,2025-07-02,"July 05, 2025","July 02, 2025","July 05, 2025",CovidHub-ensemble
Kentucky,1,0.018569953425846508,0.21594079184485443,0.8793622785799318,0.837395336780465,9.73765566153105,39.6540505265113,0.02,0.22,0.88,1,10,40,wk inc covid hosp,2025-07-12,2025-07-05,2025-07-02,"July 12, 2025","July 02, 2025","July 05, 2025",CovidHub-ensemble
Kentucky,2,6.352877055030259e-5,0.1628010781089688,1.0644408026770686,0.0028647727320724,7.34136809635365,48,0,0.16,1.06,0,7,48,wk inc covid hosp,2025-07-19,2025-07-05,2025-07-02,"July 19, 2025","July 02, 2025","July 05, 2025",CovidHub-ensemble
Louisiana,0,0.5464568329056817,1.1302098198026147,1.7988912491901194,24.9132620988598,51.5268759981039,82.0124234518521,0.55,1.13,1.8,25,52,82,wk inc covid hosp,2025-07-05,2025-07-05,2025-07-02,"July 05, 2025","July 02, 2025","July 05, 2025",CovidHub-ensemble
Louisiana,1,0.5553697701509567,1.1960927574910059,2.193437498217832,25.319607720858,54.530514704104,100,0.56,1.2,2.19,25,55,100,wk inc covid hosp,2025-07-12,2025-07-05,2025-07-02,"July 12, 2025","July 02, 2025","July 05, 2025",CovidHub-ensemble
Louisiana,2,0.4156601463049023,1.1340219121964665,2.544387497932685,18.9501705265195,51.7006713488695,116,0.42,1.13,2.54,19,52,116,wk inc covid hosp,2025-07-19,2025-07-05,2025-07-02,"July 19, 2025","July 02, 2025","July 05, 2025",CovidHub-ensemble
Maine,0,1.2046465444683868e-7,0.12381287085099978,0.5556630045752119,1.68056023155879e-6,1.7272700267375,7.75186009477718,0,0.12,0.56,0,2,8,wk inc covid hosp,2025-07-05,2025-07-05,2025-07-02,"July 05, 2025","July 02, 2025","July 05, 2025",CovidHub-ensemble
Maine,1,0,0.12517574246427587,0.716730888554425,0,1.74628297160925,9.99886177041179,0,0.13,0.72,0,2,10,wk inc covid hosp,2025-07-12,2025-07-05,2025-07-02,"July 12, 2025","July 02, 2025","July 05, 2025",CovidHub-ensemble
Maine,2,0,0.14336249565432435,0.9318562217531083,0,2,13,0,0.14,0.93,0,2,13,wk inc covid hosp,2025-07-19,2025-07-05,2025-07-02,"July 19, 2025","July 02, 2025","July 05, 2025",CovidHub-ensemble
Maryland,0,0.33859651294925464,0.67903428980868,1.2173455675049203,20.8208887391822,41.755,74.856697127165,0.34,0.68,1.22,21,42,75,wk inc covid hosp,2025-07-05,2025-07-05,2025-07-02,"July 05, 2025","July 02, 2025","July 05, 2025",CovidHub-ensemble
Maryland,1,0.27936315766854053,0.6830185647698374,1.3781605050255417,17.1785266569329,42,84.7454874532993,0.28,0.68,1.38,17,42,85,wk inc covid hosp,2025-07-12,2025-07-05,2025-07-02,"July 12, 2025","July 02, 2025","July 05, 2025",CovidHub-ensemble
Maryland,2,0.2524289159536809,0.6830185647698374,1.5972114135031452,15.5222932683056,42,98.2153089641679,0.25,0.68,1.6,16,42,98,wk inc covid hosp,2025-07-19,2025-07-05,2025-07-02,"July 19, 2025","July 02, 2025","July 05, 2025",CovidHub-ensemble
Massachusetts,0,0.513156301074462,0.9826574958418016,1.7292827210513297,35.9108472907702,68.7666958359829,121.01577548247,0.51,0.98,1.73,36,69,121,wk inc covid hosp,2025-07-05,2025-07-05,2025-07-02,"July 05, 2025","July 02, 2025","July 05, 2025",CovidHub-ensemble
Massachusetts,1,0.4106645743423216,0.96537946805801,2.192575593255962,28.7384424317852,67.557573749924,153.437163565998,0.41,0.97,2.19,29,68,153,wk inc covid hosp,2025-07-12,2025-07-05,2025-07-02,"July 12, 2025","July 02, 2025","July 05, 2025",CovidHub-ensemble
Massachusetts,2,0.2726498422640205,0.8433089694687064,2.472123238058466,19.0801259360841,59.01503997538,173,0.27,0.84,2.47,19,59,173,wk inc covid hosp,2025-07-19,2025-07-05,2025-07-02,"July 19, 2025","July 02, 2025","July 05, 2025",CovidHub-ensemble
Michigan,0,0.20771558002371016,0.5929036704922406,1.2707984033275845,20.845,59.5,127.529156524223,0.21,0.59,1.27,21,60,128,wk inc covid hosp,2025-07-05,2025-07-05,2025-07-02,"July 05, 2025","July 02, 2025","July 05, 2025",CovidHub-ensemble
Michigan,1,0.14947151356947241,0.584634080739293,1.5096622870516714,15,58.6701171458563,151.5,0.15,0.58,1.51,15,59,152,wk inc covid hosp,2025-07-12,2025-07-05,2025-07-02,"July 12, 2025","July 02, 2025","July 05, 2025",CovidHub-ensemble
Michigan,2,0.08968290814168345,0.6153202650593427,2.182076962398996,9,61.7495852920513,218.979213191495,0.09,0.62,2.18,9,62,219,wk inc covid hosp,2025-07-19,2025-07-05,2025-07-02,"July 19, 2025","July 02, 2025","July 05, 2025",CovidHub-ensemble
Minnesota,0,0.15142136953034346,0.4630296254823791,0.9250653252380622,8.68750277670548,26.5654125936893,53.0738006568431,0.15,0.46,0.93,9,27,53,wk inc covid hosp,2025-07-05,2025-07-05,2025-07-02,"July 05, 2025","July 02, 2025","July 05, 2025",CovidHub-ensemble
Minnesota,1,0.11381937509036565,0.518024164138685,1.159081191981668,6.5301624216408,29.7206159098537,66.5,0.11,0.52,1.16,7,30,66,wk inc covid hosp,2025-07-12,2025-07-05,2025-07-02,"July 12, 2025","July 02, 2025","July 05, 2025",CovidHub-ensemble
Minnesota,2,0.06971916944250635,0.556718966006052,1.4123448222683375,4,31.9406539382342,81.030501858346,0.07,0.56,1.41,4,32,81,wk inc covid hosp,2025-07-19,2025-07-05,2025-07-02,"July 19, 2025","July 02, 2025","July 05, 2025",CovidHub-ensemble
Mississippi,0,0.4026877385685647,1.0215761080796422,1.7965218198213297,11.7869479624415,29.9022375710057,52.585433266226,0.4,1.02,1.8,12,30,53,wk inc covid hosp,2025-07-05,2025-07-05,2025-07-02,"July 05, 2025","July 02, 2025","July 05, 2025",CovidHub-ensemble
Mississippi,1,0.4512381486808271,1.0968121042752768,2.1181598383912372,13.2080519662104,32.1044470924893,62,0.45,1.1,2.12,13,32,62,wk inc covid hosp,2025-07-12,2025-07-05,2025-07-02,"July 12, 2025","July 02, 2025","July 05, 2025",CovidHub-ensemble
Mississippi,2,0.3782602947656308,1.065736174480728,2.389360200819974,11.0719398273934,31.1948331850113,69.9382217365392,0.38,1.07,2.39,11,31,70,wk inc covid hosp,2025-07-19,2025-07-05,2025-07-02,"July 19, 2025","July 02, 2025","July 05, 2025",CovidHub-ensemble
Missouri,0,0.07279901873393771,0.27003833260195503,0.8513107982518141,4.5,16.6921548922239,52.6229427093536,0.07,0.27,0.85,4,17,53,wk inc covid hosp,2025-07-05,2025-07-05,2025-07-02,"July 05, 2025","July 02, 2025","July 05, 2025",CovidHub-ensemble
Missouri,1,0.0578318868933318,0.2764313672918118,1.2221441665778978,3.57482141306215,17.0873340664034,75.5456439557295,0.06,0.28,1.22,4,17,76,wk inc covid hosp,2025-07-12,2025-07-05,2025-07-02,"July 12, 2025","July 02, 2025","July 05, 2025",CovidHub-ensemble
Missouri,2,0.032355119437305645,0.28115191827789227,1.4113189217624982,2,17.379130299468,87.2392960562055,0.03,0.28,1.41,2,17,87,wk inc covid hosp,2025-07-19,2025-07-05,2025-07-02,"July 19, 2025","July 02, 2025","July 05, 2025",CovidHub-ensemble
Montana,0,0.3046589486366529,0.7968254474174887,1.5936508948349775,3.44106798624024,9,18,0.3,0.8,1.59,3,9,18,wk inc covid hosp,2025-07-05,2025-07-05,2025-07-02,"July 05, 2025","July 02, 2025","July 05, 2025",CovidHub-ensemble
Montana,1,0.26560848247249624,0.8853616082416541,1.8592593773074737,3,10,21,0.27,0.89,1.86,3,10,21,wk inc covid hosp,2025-07-12,2025-07-05,2025-07-02,"July 12, 2025","July 02, 2025","July 05, 2025",CovidHub-ensemble
Montana,2,0.22052261417876248,1.0768398311682348,2.538309344510776,2.49076323307857,12.1627120618756,28.6697471505672,0.22,1.08,2.54,2,12,29,wk inc covid hosp,2025-07-19,2025-07-05,2025-07-02,"July 19, 2025","July 02, 2025","July 05, 2025",CovidHub-ensemble
Nebraska,0,0.06415083814464619,0.3065196648849342,0.8717414290169708,1.265,6.04430724981575,17.19,0.06,0.31,0.87,1,6,17,wk inc covid hosp,2025-07-05,2025-07-05,2025-07-02,"July 05, 2025","July 02, 2025","July 05, 2025",CovidHub-ensemble
Nebraska,1,0.04441314439958158,0.33121091676102826,0.98992598818764,0.875789456387009,6.53119774924823,19.5204990499703,0.04,0.33,0.99,1,7,20,wk inc covid hosp,2025-07-12,2025-07-05,2025-07-02,"July 12, 2025","July 02, 2025","July 05, 2025",CovidHub-ensemble
Nebraska,2,0.006242265384971564,0.25542526189831255,1.0390580161661125,0.123092167466062,5.03676905316211,20.489340879482,0.01,0.26,1.04,0,5,20,wk inc covid hosp,2025-07-19,2025-07-05,2025-07-02,"July 19, 2025","July 02, 2025","July 05, 2025",CovidHub-ensemble
Nevada,0,0.34665622562955895,0.7077566068332032,1.2456261875670018,11.0307570948341,22.5211337199056,39.6363858201664,0.35,0.71,1.25,11,23,40,wk inc covid hosp,2025-07-05,2025-07-05,2025-07-02,"July 05, 2025","July 02, 2025","July 05, 2025",CovidHub-ensemble
Nevada,1,0.3128605111579211,0.6871928083261676,1.4041558574674056,9.95536225227507,21.8667843977024,44.6808712547487,0.31,0.69,1.4,10,22,45,wk inc covid hosp,2025-07-12,2025-07-05,2025-07-02,"July 12, 2025","July 02, 2025","July 05, 2025",CovidHub-ensemble
Nevada,2,0.21094321072894792,0.6933654879798211,1.5904866210251583,6.71230788983995,22.0632018419875,50.61,0.21,0.69,1.59,7,22,51,wk inc covid hosp,2025-07-19,2025-07-05,2025-07-02,"July 19, 2025","July 02, 2025","July 05, 2025",CovidHub-ensemble
New Hampshire,0,0.10702764952297777,0.48468142301690254,1.0585034537822502,1.5,6.7928440712815,14.835,0.11,0.48,1.06,2,7,15,wk inc covid hosp,2025-07-05,2025-07-05,2025-07-02,"July 05, 2025","July 02, 2025","July 05, 2025",CovidHub-ensemble
New Hampshire,1,0.10702764952297777,0.5096949560735166,1.4441597508967132,1.5,7.14341048801726,20.24,0.11,0.51,1.44,2,7,20,wk inc covid hosp,2025-07-12,2025-07-05,2025-07-02,"July 12, 2025","July 02, 2025","July 05, 2025",CovidHub-ensemble
New Hampshire,2,0.03052377178862125,0.5199275477064702,1.815899037288262,0.427792798281552,7.28682097603452,25.4499521205276,0.03,0.52,1.82,0,7,25,wk inc covid hosp,2025-07-19,2025-07-05,2025-07-02,"July 19, 2025","July 02, 2025","July 05, 2025",CovidHub-ensemble
New Jersey,0,0.5381022798485351,1.0986655273820478,1.830792902550845,49.9545798621232,101.99431759482,169.961164794224,0.54,1.1,1.83,50,102,170,wk inc covid hosp,2025-07-05,2025-07-05,2025-07-02,"July 05, 2025","July 02, 2025","July 05, 2025",CovidHub-ensemble
New Jersey,1,0.5650740838046279,1.0987587629137392,1.971379676549929,52.4585,102.002973090231,183.0125,0.57,1.1,1.97,52,102,183,wk inc covid hosp,2025-07-12,2025-07-05,2025-07-02,"July 12, 2025","July 02, 2025","July 05, 2025",CovidHub-ensemble
New Jersey,2,0.38968408631565804,1.067595016913627,2.163260209770481,36.1762169384108,99.109895144522,200.825677493786,0.39,1.07,2.16,36,99,201,wk inc covid hosp,2025-07-19,2025-07-05,2025-07-02,"July 19, 2025","July 02, 2025","July 05, 2025",CovidHub-ensemble
New Mexico,0,0.2037011050442417,0.6252294580275093,1.327344935993737,4.2796746625154,13.1358083167856,27.8869596203553,0.2,0.63,1.33,4,13,28,wk inc covid hosp,2025-07-05,2025-07-05,2025-07-02,"July 05, 2025","July 02, 2025","July 05, 2025",CovidHub-ensemble
New Mexico,1,0.14279200250552368,0.5950986254899336,1.6631858624404914,3,12.5027721801208,34.9428364318125,0.14,0.6,1.66,3,13,35,wk inc covid hosp,2025-07-12,2025-07-05,2025-07-02,"July 12, 2025","July 02, 2025","July 05, 2025",CovidHub-ensemble
New Mexico,2,0.09519466833701579,0.5711680100220947,2.3798667084253946,2,12,50,0.1,0.57,2.38,2,12,50,wk inc covid hosp,2025-07-19,2025-07-05,2025-07-02,"July 19, 2025","July 02, 2025","July 05, 2025",CovidHub-ensemble
New York,0,0.6206785251050485,1.092783664940858,1.6341109485126675,121.354543858578,213.660144230958,319.5,0.62,1.09,1.63,121,214,320,wk inc covid hosp,2025-07-05,2025-07-05,2025-07-02,"July 05, 2025","July 02, 2025","July 05, 2025",CovidHub-ensemble
New York,1,0.5509185422735654,1.088003828013367,1.769647537356441,107.715130613752,212.725594529958,346,0.55,1.09,1.77,108,213,346,wk inc covid hosp,2025-07-12,2025-07-05,2025-07-02,"July 12, 2025","July 02, 2025","July 05, 2025",CovidHub-ensemble
New York,2,0.41918268306586776,0.9241691651232594,2.0560644798187555,81.9582460795847,180.692778862801,402,0.42,0.92,2.06,82,181,402,wk inc covid hosp,2025-07-19,2025-07-05,2025-07-02,"July 19, 2025","July 02, 2025","July 05, 2025",CovidHub-ensemble
North Carolina,0,0.4874383521223588,0.8212500382655508,1.360533132342946,52.3304066071522,88.167761608113,146.064116022074,0.49,0.82,1.36,52,88,146,wk inc covid hosp,2025-07-05,2025-07-05,2025-07-02,"July 05, 2025","July 02, 2025","July 05, 2025",CovidHub-ensemble
North Carolina,1,0.39837485019023267,0.7988330766016133,1.575955303830986,42.768727166723,85.761121437796,169.191409508687,0.4,0.8,1.58,43,86,169,wk inc covid hosp,2025-07-12,2025-07-05,2025-07-02,"July 12, 2025","July 02, 2025","July 05, 2025",CovidHub-ensemble
North Carolina,2,0.3095458598346457,0.815618087878703,1.821990918644153,33.2322244201279,87.5631266784818,195.605301043799,0.31,0.82,1.82,33,88,196,wk inc covid hosp,2025-07-19,2025-07-05,2025-07-02,"July 19, 2025","July 02, 2025","July 05, 2025",CovidHub-ensemble
North Dakota,0,0.3117563305555454,0.794675279592955,1.8024397309214972,2.42148935850756,6.17244156541838,14,0.31,0.79,1.8,2,6,14,wk inc covid hosp,2025-07-05,2025-07-05,2025-07-02,"July 05, 2025","July 02, 2025","July 05, 2025",CovidHub-ensemble
North Dakota,1,0.211533733125894,0.7963873748347087,2.1393154417788924,1.6430353886221,6.18573983718489,16.6165978651571,0.21,0.8,2.14,2,6,17,wk inc covid hosp,2025-07-12,2025-07-05,2025-07-02,"July 12, 2025","July 02, 2025","July 05, 2025",CovidHub-ensemble
North Dakota,2,0.25009188641976243,0.8154694832324593,2.3314494747708134,1.9425262047939,6.33395534363732,18.1089509329136,0.25,0.82,2.33,2,6,18,wk inc covid hosp,2025-07-19,2025-07-05,2025-07-02,"July 19, 2025","July 02, 2025","July 05, 2025",CovidHub-ensemble
Ohio,0,0.2557155453221804,0.4966292457237463,1.0832092217417237,30.1217850743909,58.5,127.595666218859,0.26,0.5,1.08,30,58,128,wk inc covid hosp,2025-07-05,2025-07-05,2025-07-02,"July 05, 2025","July 02, 2025","July 05, 2025",CovidHub-ensemble
Ohio,1,0.21584271064147437,0.4796504680921652,1.1805041095225983,25.425,56.5,139.056430932557,0.22,0.48,1.18,25,56,139,wk inc covid hosp,2025-07-12,2025-07-05,2025-07-02,"July 12, 2025","July 02, 2025","July 05, 2025",CovidHub-ensemble
Ohio,2,0.1360679239394907,0.5093633289474321,1.4318210163206375,16.028,60,168.660082296785,0.14,0.51,1.43,16,60,169,wk inc covid hosp,2025-07-19,2025-07-05,2025-07-02,"July 19, 2025","July 02, 2025","July 05, 2025",CovidHub-ensemble
Oklahoma,0,0.11084242507562182,0.3630336955757629,0.7652877764901725,4.47303387125996,14.6501848512534,30.8831040386055,0.11,0.36,0.77,4,15,31,wk inc covid hosp,2025-07-05,2025-07-05,2025-07-02,"July 05, 2025","July 02, 2025","July 05, 2025",CovidHub-ensemble
Oklahoma,1,0.08673050527457762,0.3628695473976165,0.9292554136561888,3.5,14.6435606695806,37.5,0.09,0.36,0.93,4,15,38,wk inc covid hosp,2025-07-12,2025-07-05,2025-07-02,"July 12, 2025","July 02, 2025","July 05, 2025",CovidHub-ensemble
Oklahoma,2,0.028916231339589572,0.2904209346564989,1.313347651300747,1.16691133492369,11.7199048717602,53,0.03,0.29,1.31,1,12,53,wk inc covid hosp,2025-07-19,2025-07-05,2025-07-02,"July 19, 2025","July 02, 2025","July 05, 2025",CovidHub-ensemble
Oregon,0,0.47399004993804966,1.0395713185795448,1.688627619965645,20.0589697794478,43.994024063782,71.4616908140979,0.47,1.04,1.69,20,44,71,wk inc covid hosp,2025-07-05,2025-07-05,2025-07-02,"July 05, 2025","July 02, 2025","July 05, 2025",CovidHub-ensemble
Oregon,1,0.49635030587753975,1.0469541628632288,1.9819643685539536,21.0052421710509,44.3064615303325,83.8755230789385,0.5,1.05,1.98,21,44,84,wk inc covid hosp,2025-07-12,2025-07-05,2025-07-02,"July 12, 2025","July 02, 2025","July 05, 2025",CovidHub-ensemble
Oregon,2,0.3924516579855546,1.049311873492508,2.383784960446429,16.6083147704373,44.4062384059601,100.880325417267,0.39,1.05,2.38,17,44,101,wk inc covid hosp,2025-07-19,2025-07-05,2025-07-02,"July 19, 2025","July 02, 2025","July 05, 2025",CovidHub-ensemble
Pennsylvania,0,0.48654816986231053,0.8713944967337383,1.6575440128133136,63.0515,112.923516136862,214.80018382039,0.49,0.87,1.66,63,113,215,wk inc covid hosp,2025-07-05,2025-07-05,2025-07-02,"July 05, 2025","July 02, 2025","July 05, 2025",CovidHub-ensemble
Pennsylvania,1,0.3306635425435546,0.8509078000948072,1.7892351194709708,42.8505,110.26865679684,231.865959268225,0.33,0.85,1.79,43,110,232,wk inc covid hosp,2025-07-12,2025-07-05,2025-07-02,"July 12, 2025","July 02, 2025","July 05, 2025",CovidHub-ensemble
Pennsylvania,2,0.2006336473584304,0.9058207584773079,1.9989147147651778,26,117.384795773242,259.038218505032,0.2,0.91,2,26,117,259,wk inc covid hosp,2025-07-19,2025-07-05,2025-07-02,"July 19, 2025","July 02, 2025","July 05, 2025",CovidHub-ensemble
Puerto Rico,0,2.7668941662502546,4.110913388721388,6.220602553804224,90.9166560163339,135.079434202515,204.401161958789,2.77,4.11,6.22,91,135,204,wk inc covid hosp,2025-07-05,2025-07-05,2025-07-02,"July 05, 2025","July 02, 2025","July 05, 2025",CovidHub-ensemble
Puerto Rico,1,2.448329570634845,3.8775015765562215,6.3239611553052555,80.449024795802,127.409816153651,207.797395372275,2.45,3.88,6.32,80,127,208,wk inc covid hosp,2025-07-12,2025-07-05,2025-07-02,"July 12, 2025","July 02, 2025","July 05, 2025",CovidHub-ensemble
Puerto Rico,2,2.008598016844225,3.621563090976708,6.604904337499978,66,119,217.028834350784,2.01,3.62,6.6,66,119,217,wk inc covid hosp,2025-07-19,2025-07-05,2025-07-02,"July 19, 2025","July 02, 2025","July 05, 2025",CovidHub-ensemble
Rhode Island,0,0.2789633755051877,1.061388544726218,2.038745911923559,3.04740149328618,11.5946296903601,22.2713011167712,0.28,1.06,2.04,3,12,22,wk inc covid hosp,2025-07-05,2025-07-05,2025-07-02,"July 05, 2025","July 02, 2025","July 05, 2025",CovidHub-ensemble
Rhode Island,1,0.22885348067835834,1.103963801785405,2.186013132940932,2.5,12.0597226499798,23.8800511845094,0.23,1.1,2.19,2,12,24,wk inc covid hosp,2025-07-12,2025-07-05,2025-07-02,"July 12, 2025","July 02, 2025","July 05, 2025",CovidHub-ensemble
Rhode Island,2,0.18308278454268667,1.2150878595594021,2.5089060639810072,2,13.2736440795841,27.4073400210498,0.18,1.22,2.51,2,13,27,wk inc covid hosp,2025-07-19,2025-07-05,2025-07-02,"July 19, 2025","July 02, 2025","July 05, 2025",CovidHub-ensemble
South Carolina,0,0.41726663422680793,0.8368916241435572,1.4042250329961106,22.2625268798951,44.650879676921,74.9199551994494,0.42,0.84,1.4,22,45,75,wk inc covid hosp,2025-07-05,2025-07-05,2025-07-02,"July 05, 2025","July 02, 2025","July 05, 2025",CovidHub-ensemble
South Carolina,1,0.335217115229405,0.847057748398802,1.8037097778005853,17.8849192009421,45.1932753441809,96.2337606653413,0.34,0.85,1.8,18,45,96,wk inc covid hosp,2025-07-12,2025-07-05,2025-07-02,"July 12, 2025","July 02, 2025","July 05, 2025",CovidHub-ensemble
South Carolina,2,0.2684935347881403,0.7723981971744039,1.8550875730748704,14.325,41.2099463894133,98.9749325072811,0.27,0.77,1.86,14,41,99,wk inc covid hosp,2025-07-19,2025-07-05,2025-07-02,"July 19, 2025","July 02, 2025","July 05, 2025",CovidHub-ensemble
South Dakota,0,0.009414190581068911,0.35155685151666144,1.2382897241307809,0.0862345505740261,3.22028185330371,11.3428081704214,0.01,0.35,1.24,0,3,11,wk inc covid hosp,2025-07-05,2025-07-05,2025-07-02,"July 05, 2025","July 02, 2025","July 05, 2025",CovidHub-ensemble
South Dakota,1,0.037516679663185726,0.3809979522545846,1.242385197965963,0.343655036715561,3.48996410252913,11.3803229564801,0.04,0.38,1.24,0,3,11,wk inc covid hosp,2025-07-12,2025-07-05,2025-07-02,"July 12, 2025","July 02, 2025","July 05, 2025",CovidHub-ensemble
South Dakota,2,0,0.37499318854625513,1.200865496514215,0,3.43496010667501,11,0,0.37,1.2,0,3,11,wk inc covid hosp,2025-07-19,2025-07-05,2025-07-02,"July 19, 2025","July 02, 2025","July 05, 2025",CovidHub-ensemble
Tennessee,0,0.2132145744211233,0.4601873723849571,0.8826477497027512,15.1527482999806,32.7046283937702,62.7280720612176,0.21,0.46,0.88,15,33,63,wk inc covid hosp,2025-07-05,2025-07-05,2025-07-02,"July 05, 2025","July 02, 2025","July 05, 2025",CovidHub-ensemble
Tennessee,1,0.1574165767067306,0.4440434885465456,1.0557653966869187,11.1872922925543,31.5573137270701,75.0312091153237,0.16,0.44,1.06,11,32,75,wk inc covid hosp,2025-07-12,2025-07-05,2025-07-02,"July 12, 2025","July 02, 2025","July 05, 2025",CovidHub-ensemble
Tennessee,2,0.10010963822597375,0.3939884676761308,1.1648332637700882,7.11459877711818,28,82.7824519279411,0.1,0.39,1.16,7,28,83,wk inc covid hosp,2025-07-19,2025-07-05,2025-07-02,"July 19, 2025","July 02, 2025","July 05, 2025",CovidHub-ensemble
Texas,0,0.5115047773503795,0.9243441638113661,1.5722408401927452,155.452,280.918488576259,477.821506097535,0.51,0.92,1.57,155,281,478,wk inc covid hosp,2025-07-05,2025-07-05,2025-07-02,"July 05, 2025","July 02, 2025","July 05, 2025",CovidHub-ensemble
Texas,1,0.46446306889937305,0.9328485180154963,1.7281281449028687,141.155500757107,283.5030565574,525.197394583516,0.46,0.93,1.73,141,284,525,wk inc covid hosp,2025-07-12,2025-07-05,2025-07-02,"July 12, 2025","July 02, 2025","July 05, 2025",CovidHub-ensemble
Texas,2,0.3709253700695638,0.883452414078069,1.9046427985946712,112.728352072763,268.491030298218,578.842164213697,0.37,0.88,1.9,113,268,579,wk inc covid hosp,2025-07-19,2025-07-05,2025-07-02,"July 19, 2025","July 02, 2025","July 05, 2025",CovidHub-ensemble
Utah,0,0.22412918489639125,0.6395000775436975,1.1522730475728922,7.65018577902558,21.8280113817936,39.3304552736922,0.22,0.64,1.15,8,22,39,wk inc covid hosp,2025-07-05,2025-07-05,2025-07-02,"July 05, 2025","July 02, 2025","July 05, 2025",CovidHub-ensemble
Utah,1,0.25999652325950834,0.6818120775557504,1.5349503554276558,8.87444312866017,23.272243916365,52.3923530352873,0.26,0.68,1.53,9,23,52,wk inc covid hosp,2025-07-12,2025-07-05,2025-07-02,"July 12, 2025","July 02, 2025","July 05, 2025",CovidHub-ensemble
Utah,2,0.18775698513241437,0.6570876620826925,1.669437042655043,6.40869603053574,22.4283271737322,56.9827777163516,0.19,0.66,1.67,6,22,57,wk inc covid hosp,2025-07-19,2025-07-05,2025-07-02,"July 19, 2025","July 02, 2025","July 05, 2025",CovidHub-ensemble
Vermont,0,0,0.15550263572243964,0.843058974753613,0,1.00659188642671,5.45724720242635,0,0.16,0.84,0,1,5,wk inc covid hosp,2025-07-05,2025-07-05,2025-07-02,"July 05, 2025","July 02, 2025","July 05, 2025",CovidHub-ensemble
Vermont,1,0,0.1544842928095286,1.0041479032619358,0,1,6.5,0,0.15,1,0,1,6,wk inc covid hosp,2025-07-12,2025-07-05,2025-07-02,"July 12, 2025","July 02, 2025","July 05, 2025",CovidHub-ensemble
Vermont,2,0,0.1544842928095286,1.436479811934321,0,1,9.29854929462265,0,0.15,1.44,0,1,9,wk inc covid hosp,2025-07-19,2025-07-05,2025-07-02,"July 19, 2025","July 02, 2025","July 05, 2025",CovidHub-ensemble
Virginia,0,0.1315310915970615,0.39905970035430566,0.7896097548983796,11.3326925457845,34.3829039705869,68.0326185600934,0.13,0.4,0.79,11,34,68,wk inc covid hosp,2025-07-05,2025-07-05,2025-07-02,"July 05, 2025","July 02, 2025","July 05, 2025",CovidHub-ensemble
Virginia,1,0.15226749197843772,0.4209008556770269,0.9292428103898139,13.1193366553638,36.2647335449615,80.0633746946243,0.15,0.42,0.93,13,36,80,wk inc covid hosp,2025-07-12,2025-07-05,2025-07-02,"July 12, 2025","July 02, 2025","July 05, 2025",CovidHub-ensemble
Virginia,2,0.06059498242970143,0.4180789979151159,1.205540159225207,5.22085156714659,36.0216028445668,103.869099010812,0.06,0.42,1.21,5,36,104,wk inc covid hosp,2025-07-19,2025-07-05,2025-07-02,"July 19, 2025","July 02, 2025","July 05, 2025",CovidHub-ensemble
Washington,0,0.6015677071399732,1.1032213600038434,1.5839452843285637,46.7062040521903,85.655,122.97879487095,0.6,1.1,1.58,47,86,123,wk inc covid hosp,2025-07-05,2025-07-05,2025-07-02,"July 05, 2025","July 02, 2025","July 05, 2025",CovidHub-ensemble
Washington,1,0.5392958615983114,1.1594714296527728,1.9985476949601635,41.8713675241408,90.0223009700993,155.16886186034,0.54,1.16,2,42,90,155,wk inc covid hosp,2025-07-12,2025-07-05,2025-07-02,"July 12, 2025","July 02, 2025","July 05, 2025",CovidHub-ensemble
Washington,2,0.41541153534930536,1.1607054709535125,2.330877916206438,32.2528880878637,90.1181129362622,180.97124942538,0.42,1.16,2.33,32,90,181,wk inc covid hosp,2025-07-19,2025-07-05,2025-07-02,"July 19, 2025","July 02, 2025","July 05, 2025",CovidHub-ensemble
West Virginia,0,0.2755175988661854,0.7545705050226541,1.710566981621928,4.87633363398883,13.355,30.275,0.28,0.75,1.71,5,13,30,wk inc covid hosp,2025-07-05,2025-07-05,2025-07-02,"July 05, 2025","July 02, 2025","July 05, 2025",CovidHub-ensemble
West Virginia,1,0.2579151279042376,0.8870652885702485,2.066240611656942,4.5647908449028,15.7,36.57,0.26,0.89,2.07,5,16,37,wk inc covid hosp,2025-07-12,2025-07-05,2025-07-02,"July 12, 2025","July 02, 2025","July 05, 2025",CovidHub-ensemble
West Virginia,2,0.1130019475885667,1.1723952062313794,2.9945516110970174,2,20.75,53,0.11,1.17,2.99,2,21,53,wk inc covid hosp,2025-07-19,2025-07-05,2025-07-02,"July 19, 2025","July 02, 2025","July 05, 2025",CovidHub-ensemble
Wisconsin,0,0.1493213195662264,0.4113294571191885,0.9626530133837728,8.82425985039541,24.307835105435,56.8887306952645,0.15,0.41,0.96,9,24,57,wk inc covid hosp,2025-07-05,2025-07-05,2025-07-02,"July 05, 2025","July 02, 2025","July 05, 2025",CovidHub-ensemble
Wisconsin,1,0.12192554334340033,0.39765952831149703,1.0731491320409259,7.20528508580205,23.5,63.4185850142815,0.12,0.4,1.07,7,24,63,wk inc covid hosp,2025-07-12,2025-07-05,2025-07-02,"July 12, 2025","July 02, 2025","July 05, 2025",CovidHub-ensemble
Wisconsin,2,0.05076504616742516,0.4230420513952096,1.5567947491343714,3,25,92,0.05,0.42,1.56,3,25,92,wk inc covid hosp,2025-07-19,2025-07-05,2025-07-02,"July 19, 2025","July 02, 2025","July 05, 2025",CovidHub-ensemble
Wyoming,0,0.25727234436846286,1.090182111918317,2.406238509984879,1.4955138469201,6.3371850092967,13.9873682090017,0.26,1.09,2.41,1,6,14,wk inc covid hosp,2025-07-05,2025-07-05,2025-07-02,"July 05, 2025","July 02, 2025","July 05, 2025",CovidHub-ensemble
Wyoming,1,0.21935781086447867,1.1426620140455432,2.48761412667825,1.27511818024278,6.6422485811661804,14.4604014138156,0.22,1.14,2.49,1,7,14,wk inc covid hosp,2025-07-12,2025-07-05,2025-07-02,"July 12, 2025","July 02, 2025","July 05, 2025",CovidHub-ensemble
Wyoming,2,0.21970966979590262,1.2592551815254192,3.124053838319892,1.27716352213679,7.32,18.16,0.22,1.26,3.12,1,7,18,wk inc covid hosp,2025-07-19,2025-07-05,2025-07-02,"July 19, 2025","July 02, 2025","July 05, 2025",CovidHub-ensemble
