location_name,horizon,quantile_0.025_per100k,quantile_0.5_per100k,quantile_0.975_per100k,quantile_0.025,quantile_0.5,quantile_0.975,quantile_0.025_per100k_rounded,quantile_0.5_per100k_rounded,quantile_0.975_per100k_rounded,quantile_0.025_rounded,quantile_0.5_rounded,quantile_0.975_rounded,target,target_data_type,target_end_date,reference_date,forecast_due_date,target_end_date_formatted,forecast_due_date_formatted,reference_date_formatted,model
United States,0,0.5652714612797862,0.6943243721237883,1.2146183472657295,1887.1572133333332,2318,4055,0.57,0.69,1.21,1900,2300,4100,wk inc rsv hosp,hosp,2025-12-06,2025-12-06,2025-12-03,"December 06, 2025","December 03, 2025","December 06, 2025",RSVHub-ensemble
United States,1,0.567481164569322,0.7937703132562721,1.5992225292359386,1894.534301666667,2650,5339,0.57,0.79,1.6,1900,2600,5300,wk inc rsv hosp,hosp,2025-12-13,2025-12-06,2025-12-03,"December 13, 2025","December 03, 2025","December 06, 2025",RSVHub-ensemble
United States,2,0.5361472397083665,0.8602668359052871,1.4747373142454157,1789.9260800000002,2871.9984573333336,4923.406453333333,0.54,0.86,1.47,1800,2900,4900,wk inc rsv hosp,hosp,2025-12-20,2025-12-06,2025-12-03,"December 20, 2025","December 03, 2025","December 06, 2025",RSVHub-ensemble
United States,0,NA,NA,NA,0.001954597170992929,0.0027986382327279077,0.004259103959336818,NA,NA,NA,0.002,0.0028,0.0043,wk inc rsv prop ed visits,prop_ed,2025-12-06,2025-12-06,2025-12-03,"December 06, 2025","December 03, 2025","December 06, 2025",RSVHub-ensemble
United States,1,NA,NA,NA,0.002045346629946785,0.0032721096861022835,0.0054563368323333125,NA,NA,NA,0.002,0.0033,0.0055,wk inc rsv prop ed visits,prop_ed,2025-12-13,2025-12-06,2025-12-03,"December 13, 2025","December 03, 2025","December 06, 2025",RSVHub-ensemble
United States,2,NA,NA,NA,0.0013022361228875437,0.0032798544282823,0.007670424607628217,NA,NA,NA,0.0013,0.0033,0.0077,wk inc rsv prop ed visits,prop_ed,2025-12-20,2025-12-06,2025-12-03,"December 20, 2025","December 03, 2025","December 06, 2025",RSVHub-ensemble
Alabama,0,0.7552927877778325,1.4615405893363251,2.9328901759165182,38.5,74.5,149.5,0.76,1.46,2.93,40,70,150,wk inc rsv hosp,hosp,2025-12-06,2025-12-06,2025-12-03,"December 06, 2025","December 03, 2025","December 06, 2025",RSVHub-ensemble
Alabama,1,0.7847197795094364,1.6969565231891561,3.98245288101039,40,86.5,203,0.78,1.7,3.98,40,90,200,wk inc rsv hosp,hosp,2025-12-13,2025-12-06,2025-12-03,"December 13, 2025","December 03, 2025","December 06, 2025",RSVHub-ensemble
Alabama,2,0.4119778842424541,1.6479115369698163,5.041824583348129,21,84,257,0.41,1.65,5.04,20,80,260,wk inc rsv hosp,hosp,2025-12-20,2025-12-06,2025-12-03,"December 20, 2025","December 03, 2025","December 06, 2025",RSVHub-ensemble
Alabama,0,NA,NA,NA,0.004341255733739029,0.006635317316229262,0.010002250375871397,NA,NA,NA,0.0043,0.0066,0.01,wk inc rsv prop ed visits,prop_ed,2025-12-06,2025-12-06,2025-12-03,"December 06, 2025","December 03, 2025","December 06, 2025",RSVHub-ensemble
Alabama,1,NA,NA,NA,0.004495325110134613,0.007701894111072058,0.013473418464114081,NA,NA,NA,0.0045,0.0077,0.013,wk inc rsv prop ed visits,prop_ed,2025-12-13,2025-12-06,2025-12-03,"December 13, 2025","December 03, 2025","December 06, 2025",RSVHub-ensemble
Alabama,2,NA,NA,NA,0.0025413130199936555,0.006416081156692724,0.01456619971479449,NA,NA,NA,0.0025,0.0064,0.015,wk inc rsv prop ed visits,prop_ed,2025-12-20,2025-12-06,2025-12-03,"December 20, 2025","December 03, 2025","December 06, 2025",RSVHub-ensemble
Alaska,0,0,0.421519408861181,1.5455711658243305,0,3,11,0,0.42,1.55,0,3,10,wk inc rsv hosp,hosp,2025-12-06,2025-12-06,2025-12-03,"December 06, 2025","December 03, 2025","December 06, 2025",RSVHub-ensemble
Alaska,1,0,0.5620258784815747,2.037343809495708,0,4,14.5,0,0.56,2.04,0,4,10,wk inc rsv hosp,hosp,2025-12-13,2025-12-06,2025-12-03,"December 13, 2025","December 03, 2025","December 06, 2025",RSVHub-ensemble
Alaska,2,0,0.7025323481019684,2.950635862028267,0,5,21,0,0.7,2.95,0,5,20,wk inc rsv hosp,hosp,2025-12-20,2025-12-06,2025-12-03,"December 20, 2025","December 03, 2025","December 06, 2025",RSVHub-ensemble
Alaska,0,NA,NA,NA,1.9068529992262722e-4,8.221584754999447e-4,0.0019482609791627104,NA,NA,NA,1.9e-4,8.2e-4,0.0019,wk inc rsv prop ed visits,prop_ed,2025-12-06,2025-12-06,2025-12-03,"December 06, 2025","December 03, 2025","December 06, 2025",RSVHub-ensemble
Alaska,1,NA,NA,NA,2.0473417468149367e-4,9.747545935791243e-4,0.0027123756087116405,NA,NA,NA,2e-4,9.7e-4,0.0027,wk inc rsv prop ed visits,prop_ed,2025-12-13,2025-12-06,2025-12-03,"December 13, 2025","December 03, 2025","December 06, 2025",RSVHub-ensemble
Alaska,2,NA,NA,NA,2.95597902503794e-4,0.001011525434849232,0.0025409654063243406,NA,NA,NA,3e-4,0.001,0.0025,wk inc rsv prop ed visits,prop_ed,2025-12-20,2025-12-06,2025-12-03,"December 20, 2025","December 03, 2025","December 06, 2025",RSVHub-ensemble
Arizona,0,0.013487911998387926,0.15511098798146114,0.6541637319218144,1,11.5,48.5,0.01,0.16,0.65,1,10,50,wk inc rsv hosp,hosp,2025-12-06,2025-12-06,2025-12-03,"December 06, 2025","December 03, 2025","December 06, 2025",RSVHub-ensemble
Arizona,1,0.013487911998387926,0.20231867997581884,1.0792015587710129,1,15,80.01249999999993,0.01,0.2,1.08,1,20,80,wk inc rsv hosp,hosp,2025-12-13,2025-12-06,2025-12-03,"December 13, 2025","December 03, 2025","December 06, 2025",RSVHub-ensemble
Arizona,2,0.026975823996775852,0.20231867997581884,0.8092747199032754,2,15,60,0.03,0.2,0.81,2,20,60,wk inc rsv hosp,hosp,2025-12-20,2025-12-06,2025-12-03,"December 20, 2025","December 03, 2025","December 06, 2025",RSVHub-ensemble
Arizona,0,NA,NA,NA,1.1960537410324649e-4,3.860784971257942e-4,9.288003929473392e-4,NA,NA,NA,1.2e-4,3.9e-4,0.00093000000000000005,wk inc rsv prop ed visits,prop_ed,2025-12-06,2025-12-06,2025-12-03,"December 06, 2025","December 03, 2025","December 06, 2025",RSVHub-ensemble
Arizona,1,NA,NA,NA,1.3801049542413457e-4,4.8387003972194265e-4,0.0013135680628080053,NA,NA,NA,1.4e-4,4.8e-4,0.0013,wk inc rsv prop ed visits,prop_ed,2025-12-13,2025-12-06,2025-12-03,"December 13, 2025","December 03, 2025","December 06, 2025",RSVHub-ensemble
Arizona,2,NA,NA,NA,1.265007583319466e-4,5.701163106311207e-4,0.001601006058676806,NA,NA,NA,1.3e-4,5.7e-4,0.0016,wk inc rsv prop ed visits,prop_ed,2025-12-20,2025-12-06,2025-12-03,"December 20, 2025","December 03, 2025","December 06, 2025",RSVHub-ensemble
Arkansas,0,0.3590106449919973,1.1096692663389007,3.035271816750523,11,34,93,0.36,1.11,3.04,10,30,90,wk inc rsv hosp,hosp,2025-12-06,2025-12-06,2025-12-03,"December 06, 2025","December 03, 2025","December 06, 2025",RSVHub-ensemble
Arkansas,1,0.3263733136290885,1.272855923153445,4.1449410830894236,10,39,127,0.33,1.27,4.14,10,40,130,wk inc rsv hosp,hosp,2025-12-13,2025-12-06,2025-12-03,"December 13, 2025","December 03, 2025","December 06, 2025",RSVHub-ensemble
Arkansas,2,0.3263733136290885,1.4034052486050803,5.189335686702506,10,43,159,0.33,1.4,5.19,10,40,160,wk inc rsv hosp,hosp,2025-12-20,2025-12-06,2025-12-03,"December 20, 2025","December 03, 2025","December 06, 2025",RSVHub-ensemble
Arkansas,0,NA,NA,NA,0.004471456969831679,0.008676326567754328,0.01595287527234515,NA,NA,NA,0.0045,0.0087,0.016,wk inc rsv prop ed visits,prop_ed,2025-12-06,2025-12-06,2025-12-03,"December 06, 2025","December 03, 2025","December 06, 2025",RSVHub-ensemble
Arkansas,1,NA,NA,NA,0.004521662089295703,0.009631610051614718,0.019724463677001085,NA,NA,NA,0.0045,0.0096,0.02,wk inc rsv prop ed visits,prop_ed,2025-12-13,2025-12-06,2025-12-03,"December 13, 2025","December 03, 2025","December 06, 2025",RSVHub-ensemble
Arkansas,2,NA,NA,NA,0.0045489599386295265,0.010766660104746108,0.02414995731811503,NA,NA,NA,0.0045,0.011,0.024,wk inc rsv prop ed visits,prop_ed,2025-12-20,2025-12-06,2025-12-03,"December 20, 2025","December 03, 2025","December 06, 2025",RSVHub-ensemble
California,0,0.14937603441294175,0.23436584709616726,0.3528364950788452,58,91,137,0.15,0.23,0.35,60,90,140,wk inc rsv hosp,hosp,2025-12-06,2025-12-06,2025-12-03,"December 06, 2025","December 03, 2025","December 06, 2025",RSVHub-ensemble
California,1,0.1468005855437531,0.27914646370824675,0.48946405758930245,57,108.38749976666664,190.04999999999973,0.15,0.28,0.49,60,110,190,wk inc rsv hosp,hosp,2025-12-13,2025-12-06,2025-12-03,"December 13, 2025","December 03, 2025","December 06, 2025",RSVHub-ensemble
California,2,0.167700681830343,0.3341106752278364,0.8337626920803033,65.11512763333333,129.72910439999998,323.7349038666667,0.17,0.33,0.83,70,130,320,wk inc rsv hosp,hosp,2025-12-20,2025-12-06,2025-12-03,"December 20, 2025","December 03, 2025","December 06, 2025",RSVHub-ensemble
California,0,NA,NA,NA,5.141027015216856e-4,0.0010082139214254069,0.0018085656874737358,NA,NA,NA,5.1e-4,0.001,0.0018,wk inc rsv prop ed visits,prop_ed,2025-12-06,2025-12-06,2025-12-03,"December 06, 2025","December 03, 2025","December 06, 2025",RSVHub-ensemble
California,1,NA,NA,NA,5.075388349510787e-4,0.001151413952954173,0.0022982098642979057,NA,NA,NA,5.1e-4,0.0012,0.0023,wk inc rsv prop ed visits,prop_ed,2025-12-13,2025-12-06,2025-12-03,"December 13, 2025","December 03, 2025","December 06, 2025",RSVHub-ensemble
California,2,NA,NA,NA,3.855038296830673e-4,0.0012550555867351849,0.0032068984156682187,NA,NA,NA,3.9e-4,0.0013,0.0032,wk inc rsv prop ed visits,prop_ed,2025-12-20,2025-12-06,2025-12-03,"December 20, 2025","December 03, 2025","December 06, 2025",RSVHub-ensemble
Colorado,0,0.06845427006612853,0.20536281019838562,0.42783918791330333,4,12,25,0.07,0.21,0.43,4,10,20,wk inc rsv hosp,hosp,2025-12-06,2025-12-06,2025-12-03,"December 06, 2025","December 03, 2025","December 06, 2025",RSVHub-ensemble
Colorado,1,0.08556783758266066,0.24036790744594777,0.6845427006612853,5,14.045458798333332,40,0.09,0.24,0.68,5,10,40,wk inc rsv hosp,hosp,2025-12-13,2025-12-06,2025-12-03,"December 13, 2025","December 03, 2025","December 06, 2025",RSVHub-ensemble
Colorado,2,0.11459994069578402,0.2561472719319067,0.6218318154454624,6.696437816666666,14.967497085833333,36.33560418333333,0.11,0.26,0.62,7,10,40,wk inc rsv hosp,hosp,2025-12-20,2025-12-06,2025-12-03,"December 20, 2025","December 03, 2025","December 06, 2025",RSVHub-ensemble
Colorado,0,NA,NA,NA,2.370424481932423e-4,6.261201960105418e-4,0.001361246025825269,NA,NA,NA,2.4e-4,6.3e-4,0.0014,wk inc rsv prop ed visits,prop_ed,2025-12-06,2025-12-06,2025-12-03,"December 06, 2025","December 03, 2025","December 06, 2025",RSVHub-ensemble
Colorado,1,NA,NA,NA,2.633583751453531e-4,7.876571273177757e-4,0.001860053413295993,NA,NA,NA,2.6e-4,7.9e-4,0.0019,wk inc rsv prop ed visits,prop_ed,2025-12-13,2025-12-06,2025-12-03,"December 13, 2025","December 03, 2025","December 06, 2025",RSVHub-ensemble
Colorado,2,NA,NA,NA,2.2454593020918508e-4,9.311026186979514e-4,0.0024851419158602524,NA,NA,NA,2.2e-4,0.00093000000000000005,0.0025,wk inc rsv prop ed visits,prop_ed,2025-12-20,2025-12-06,2025-12-03,"December 20, 2025","December 03, 2025","December 06, 2025",RSVHub-ensemble
Connecticut,0,0.1937810672575328,0.42941307239697596,0.9419144019196468,7,15.511791473333336,34.024999999999864,0.19,0.43,0.94,7,20,30,wk inc rsv hosp,hosp,2025-12-06,2025-12-06,2025-12-03,"December 06, 2025","December 03, 2025","December 06, 2025",RSVHub-ensemble
Connecticut,1,0.22146407686575179,0.5596595266509871,1.3564674708027298,8,20.2167153995,49,0.22,0.56,1.36,8,20,50,wk inc rsv hosp,hosp,2025-12-13,2025-12-06,2025-12-03,"December 13, 2025","December 03, 2025","December 06, 2025",RSVHub-ensemble
Connecticut,2,0.35934449013986564,0.5719488993096965,1.2683676281529563,12.98068726,20.6606473575,45.81754824,0.36,0.57,1.27,10,20,50,wk inc rsv hosp,hosp,2025-12-20,2025-12-06,2025-12-03,"December 20, 2025","December 03, 2025","December 06, 2025",RSVHub-ensemble
Connecticut,0,NA,NA,NA,4.1579725879274275e-4,9.254571705166215e-4,0.0018775675853585456,NA,NA,NA,4.2e-4,0.00093000000000000005,0.0019,wk inc rsv prop ed visits,prop_ed,2025-12-06,2025-12-06,2025-12-03,"December 06, 2025","December 03, 2025","December 06, 2025",RSVHub-ensemble
Connecticut,1,NA,NA,NA,4.485036972379014e-4,0.0012152282275881522,0.0029119960394022163,NA,NA,NA,4.5e-4,0.0012,0.0029,wk inc rsv prop ed visits,prop_ed,2025-12-13,2025-12-06,2025-12-03,"December 13, 2025","December 03, 2025","December 06, 2025",RSVHub-ensemble
Connecticut,2,NA,NA,NA,2.4620860069232144e-4,9.157921303661479e-4,0.002483373812710633,NA,NA,NA,2.5e-4,9.2e-4,0.0025,wk inc rsv prop ed visits,prop_ed,2025-12-20,2025-12-06,2025-12-03,"December 20, 2025","December 03, 2025","December 06, 2025",RSVHub-ensemble
Delaware,0,0.5335740858502473,1.6043685497091715,4.035229988662462,5.487500000000001,16.5,41.5,0.53,1.6,4.04,5,20,40,wk inc rsv hosp,hosp,2025-12-06,2025-12-06,2025-12-03,"December 06, 2025","December 03, 2025","December 06, 2025",RSVHub-ensemble
Delaware,1,0.5347895165697238,1.8960719223835665,5.590981309592568,5.5,19.5,57.5,0.53,1.9,5.59,6,20,60,wk inc rsv hosp,hosp,2025-12-13,2025-12-06,2025-12-03,"December 13, 2025","December 03, 2025","December 06, 2025",RSVHub-ensemble
Delaware,2,0.3889378302325265,1.9446891511626325,7.681522147092399,4,20,79,0.39,1.94,7.68,4,20,80,wk inc rsv hosp,hosp,2025-12-20,2025-12-06,2025-12-03,"December 20, 2025","December 03, 2025","December 06, 2025",RSVHub-ensemble
Delaware,0,NA,NA,NA,0.0018303956986959926,0.0035088347720588424,0.006301089544055819,NA,NA,NA,0.0018,0.0035,0.0063,wk inc rsv prop ed visits,prop_ed,2025-12-06,2025-12-06,2025-12-03,"December 06, 2025","December 03, 2025","December 06, 2025",RSVHub-ensemble
Delaware,1,NA,NA,NA,0.0018796825236474806,0.004291653382209914,0.008761002585537277,NA,NA,NA,0.0019,0.0043,0.0088,wk inc rsv prop ed visits,prop_ed,2025-12-13,2025-12-06,2025-12-03,"December 13, 2025","December 03, 2025","December 06, 2025",RSVHub-ensemble
Delaware,2,NA,NA,NA,0.0012693686464677902,0.003334564826766904,0.007765005316712618,NA,NA,NA,0.0013,0.0033,0.0078,wk inc rsv prop ed visits,prop_ed,2025-12-20,2025-12-06,2025-12-03,"December 20, 2025","December 03, 2025","December 06, 2025",RSVHub-ensemble
District of Columbia,0,0,0.5179207995513326,1.553762398653998,0,3.5,10.5,0,0.52,1.55,0,4,10,wk inc rsv hosp,hosp,2025-12-06,2025-12-06,2025-12-03,"December 06, 2025","December 03, 2025","December 06, 2025",RSVHub-ensemble
District of Columbia,1,0,0.591909485201523,2.0716831982053305,0,4,14,0,0.59,2.07,0,4,10,wk inc rsv hosp,hosp,2025-12-13,2025-12-06,2025-12-03,"December 13, 2025","December 03, 2025","December 06, 2025",RSVHub-ensemble
District of Columbia,2,0,0.4439321139011423,2.5156153121064726,0,3,17,0,0.44,2.52,0,3,20,wk inc rsv hosp,hosp,2025-12-20,2025-12-06,2025-12-03,"December 20, 2025","December 03, 2025","December 06, 2025",RSVHub-ensemble
District of Columbia,0,NA,NA,NA,9.48354757934182e-4,0.0022201276304038998,0.004391943356359314,NA,NA,NA,9.5e-4,0.0022,0.0044,wk inc rsv prop ed visits,prop_ed,2025-12-06,2025-12-06,2025-12-03,"December 06, 2025","December 03, 2025","December 06, 2025",RSVHub-ensemble
District of Columbia,1,NA,NA,NA,8.990696416029882e-4,0.002644910426373428,0.005922542701991532,NA,NA,NA,9e-4,0.0026,0.0059,wk inc rsv prop ed visits,prop_ed,2025-12-13,2025-12-06,2025-12-03,"December 13, 2025","December 03, 2025","December 06, 2025",RSVHub-ensemble
District of Columbia,2,NA,NA,NA,0.0010774796741760374,0.002939365063020292,0.0067503257714638136,NA,NA,NA,0.0011,0.0029,0.0068,wk inc rsv prop ed visits,prop_ed,2025-12-20,2025-12-06,2025-12-03,"December 20, 2025","December 03, 2025","December 06, 2025",RSVHub-ensemble
Florida,0,1.1529528541613971,2.011015843700745,4.004349381609302,260,453.5,903.0124999999999,1.15,2.01,4,260,450,900,wk inc rsv hosp,hosp,2025-12-06,2025-12-06,2025-12-03,"December 06, 2025","December 03, 2025","December 06, 2025",RSVHub-ensemble
Florida,1,1.0376575687452574,2.139614431280285,4.357108610642144,234,482.5,982.5624999999997,1.04,2.14,4.36,230,480,980,wk inc rsv hosp,hosp,2025-12-13,2025-12-06,2025-12-03,"December 13, 2025","December 03, 2025","December 06, 2025",RSVHub-ensemble
Florida,2,0.651861806006636,2.359118916976397,5.321320865360294,147,532,1200,0.65,2.36,5.32,150,530,1200,wk inc rsv hosp,hosp,2025-12-20,2025-12-06,2025-12-03,"December 20, 2025","December 03, 2025","December 06, 2025",RSVHub-ensemble
Florida,0,NA,NA,NA,0.004256322286795822,0.006340028320643306,0.009955166538678072,NA,NA,NA,0.0043,0.0063,0.01,wk inc rsv prop ed visits,prop_ed,2025-12-06,2025-12-06,2025-12-03,"December 06, 2025","December 03, 2025","December 06, 2025",RSVHub-ensemble
Florida,1,NA,NA,NA,0.00390437074514576,0.006927408892931418,0.012313975103476916,NA,NA,NA,0.0039,0.0069,0.012,wk inc rsv prop ed visits,prop_ed,2025-12-13,2025-12-06,2025-12-03,"December 13, 2025","December 03, 2025","December 06, 2025",RSVHub-ensemble
Florida,2,NA,NA,NA,0.0036699781508567485,0.008596973554929773,0.019140401849452038,NA,NA,NA,0.0037,0.0086,0.019,wk inc rsv prop ed visits,prop_ed,2025-12-20,2025-12-06,2025-12-03,"December 20, 2025","December 03, 2025","December 06, 2025",RSVHub-ensemble
Georgia,0,1.1027702591428086,1.5431795345525723,2.223995970969617,121,169.32332200000002,244.02499999999986,1.1,1.54,2.22,120,170,240,wk inc rsv hosp,hosp,2025-12-06,2025-12-06,2025-12-03,"December 06, 2025","December 03, 2025","December 06, 2025",RSVHub-ensemble
Georgia,1,1.1481114330207876,1.7259004545995709,3.344993837701563,125.975,189.37213193333332,367.02499999999986,1.15,1.73,3.34,130,190,370,wk inc rsv hosp,hosp,2025-12-13,2025-12-06,2025-12-03,"December 13, 2025","December 03, 2025","December 06, 2025",RSVHub-ensemble
Georgia,2,0.9985548856504709,1.6476036240250929,3.6726061318401033,109.56510675000001,180.78111633333336,402.97182325,1,1.65,3.67,110,180,400,wk inc rsv hosp,hosp,2025-12-20,2025-12-06,2025-12-03,"December 20, 2025","December 03, 2025","December 06, 2025",RSVHub-ensemble
Georgia,0,NA,NA,NA,0.0027170702441612475,0.0041464175197365016,0.006459442259540121,NA,NA,NA,0.0027,0.0041,0.0065,wk inc rsv prop ed visits,prop_ed,2025-12-06,2025-12-06,2025-12-03,"December 06, 2025","December 03, 2025","December 06, 2025",RSVHub-ensemble
Georgia,1,NA,NA,NA,0.002742152567445548,0.0049103141634580455,0.008596096324533425,NA,NA,NA,0.0027,0.0049,0.0086,wk inc rsv prop ed visits,prop_ed,2025-12-13,2025-12-06,2025-12-03,"December 13, 2025","December 03, 2025","December 06, 2025",RSVHub-ensemble
Georgia,2,NA,NA,NA,0.0017375032430768024,0.004481896905708826,0.01023245856191237,NA,NA,NA,0.0017,0.0045,0.01,wk inc rsv prop ed visits,prop_ed,2025-12-20,2025-12-06,2025-12-03,"December 20, 2025","December 03, 2025","December 06, 2025",RSVHub-ensemble
Hawaii,0,0.2509167422403997,0.8602859733956563,2.0790244357061693,3.5,12,29,0.25,0.86,2.08,4,10,30,wk inc rsv hosp,hosp,2025-12-06,2025-12-06,2025-12-03,"December 06, 2025","December 03, 2025","December 06, 2025",RSVHub-ensemble
Hawaii,1,0.2509167422403997,0.9678217200701132,2.940206540324108,3.5,13.5,41.01249999999993,0.25,0.97,2.94,4,10,40,wk inc rsv hosp,hosp,2025-12-13,2025-12-06,2025-12-03,"December 13, 2025","December 03, 2025","December 06, 2025",RSVHub-ensemble
Hawaii,2,0.14338099556594272,0.9319764711786277,3.871286880280453,2,13,54,0.14,0.93,3.87,2,10,50,wk inc rsv hosp,hosp,2025-12-20,2025-12-06,2025-12-03,"December 20, 2025","December 03, 2025","December 06, 2025",RSVHub-ensemble
Hawaii,0,NA,NA,NA,0.0014390861469055333,0.002909644376373044,0.005283369652945468,NA,NA,NA,0.0014,0.0029,0.0053,wk inc rsv prop ed visits,prop_ed,2025-12-06,2025-12-06,2025-12-03,"December 06, 2025","December 03, 2025","December 06, 2025",RSVHub-ensemble
Hawaii,1,NA,NA,NA,0.0014753129911992487,0.0033975998424078924,0.007578873385201114,NA,NA,NA,0.0015,0.0034,0.0076,wk inc rsv prop ed visits,prop_ed,2025-12-13,2025-12-06,2025-12-03,"December 13, 2025","December 03, 2025","December 06, 2025",RSVHub-ensemble
Hawaii,2,NA,NA,NA,0.0013596177567989783,0.0034813160005978524,0.008459719515149325,NA,NA,NA,0.0014,0.0035,0.0085,wk inc rsv prop ed visits,prop_ed,2025-12-20,2025-12-06,2025-12-03,"December 20, 2025","December 03, 2025","December 06, 2025",RSVHub-ensemble
Idaho,0,0,0.12747252074870222,0.4843955788450684,0,2.5,9.5,0,0.13,0.48,0,2,10,wk inc rsv hosp,hosp,2025-12-06,2025-12-06,2025-12-03,"December 06, 2025","December 03, 2025","December 06, 2025",RSVHub-ensemble
Idaho,1,0,0.19120878112305328,0.8413186369414346,0,3.75,16.5,0,0.19,0.84,0,4,20,wk inc rsv hosp,hosp,2025-12-13,2025-12-06,2025-12-03,"December 13, 2025","December 03, 2025","December 06, 2025",RSVHub-ensemble
Idaho,2,0,0.15296702489844263,0.8158241327916942,0,3,16,0,0.15,0.82,0,3,20,wk inc rsv hosp,hosp,2025-12-20,2025-12-06,2025-12-03,"December 20, 2025","December 03, 2025","December 06, 2025",RSVHub-ensemble
Idaho,0,NA,NA,NA,1.5282006677919629e-4,5.966432322302353e-4,0.0014315655365832918,NA,NA,NA,1.5e-4,6e-4,0.0014,wk inc rsv prop ed visits,prop_ed,2025-12-06,2025-12-06,2025-12-03,"December 06, 2025","December 03, 2025","December 06, 2025",RSVHub-ensemble
Idaho,1,NA,NA,NA,2.0655566924816413e-4,7.437029680468176e-4,0.0021541370792895267,NA,NA,NA,2.1e-4,7.4e-4,0.0022,wk inc rsv prop ed visits,prop_ed,2025-12-13,2025-12-06,2025-12-03,"December 13, 2025","December 03, 2025","December 06, 2025",RSVHub-ensemble
Idaho,2,NA,NA,NA,1.8191196133704343e-4,7.227333518247629e-4,0.0019673758186263823,NA,NA,NA,1.8e-4,7.2e-4,0.002,wk inc rsv prop ed visits,prop_ed,2025-12-20,2025-12-06,2025-12-03,"December 20, 2025","December 03, 2025","December 06, 2025",RSVHub-ensemble
Illinois,0,0.09175897486554119,0.3750149407548205,1.1450921635122584,11.5,47,143.51249999999993,0.09,0.38,1.15,10,50,140,wk inc rsv hosp,hosp,2025-12-06,2025-12-06,2025-12-03,"December 06, 2025","December 03, 2025","December 06, 2025",RSVHub-ensemble
Illinois,1,0.09973801615819694,0.4548053536813781,1.563892093360528,12.5,57,196,0.1,0.45,1.56,10,60,200,wk inc rsv hosp,hosp,2025-12-13,2025-12-06,2025-12-03,"December 13, 2025","December 03, 2025","December 06, 2025",RSVHub-ensemble
Illinois,2,0.1037275368045248,0.43086822980341083,1.7075148366283317,13,54,214,0.1,0.43,1.71,10,50,210,wk inc rsv hosp,hosp,2025-12-20,2025-12-06,2025-12-03,"December 20, 2025","December 03, 2025","December 06, 2025",RSVHub-ensemble
Illinois,0,NA,NA,NA,9.126143698230335e-4,0.0016222847305087658,0.002807626695902996,NA,NA,NA,9.1e-4,0.0016,0.0028,wk inc rsv prop ed visits,prop_ed,2025-12-06,2025-12-06,2025-12-03,"December 06, 2025","December 03, 2025","December 06, 2025",RSVHub-ensemble
Illinois,1,NA,NA,NA,9.052999333321794e-4,0.001928852664128214,0.0038195171765754788,NA,NA,NA,9.1e-4,0.0019,0.0038,wk inc rsv prop ed visits,prop_ed,2025-12-13,2025-12-06,2025-12-03,"December 13, 2025","December 03, 2025","December 06, 2025",RSVHub-ensemble
Illinois,2,NA,NA,NA,6.406277534856027e-4,0.001917072905698961,0.004672509625937649,NA,NA,NA,6.4e-4,0.0019,0.0047,wk inc rsv prop ed visits,prop_ed,2025-12-20,2025-12-06,2025-12-03,"December 20, 2025","December 03, 2025","December 06, 2025",RSVHub-ensemble
Indiana,0,0.24048516789508434,0.5829943464123257,1.4793481540212763,16.5,40,101.5,0.24,0.58,1.48,20,40,100,wk inc rsv hosp,hosp,2025-12-06,2025-12-06,2025-12-03,"December 06, 2025","December 03, 2025","December 06, 2025",RSVHub-ensemble
Indiana,1,0.26234745588554653,0.7797549383264857,2.6016122708650036,18,53.5,178.5,0.26,0.78,2.6,20,50,180,wk inc rsv hosp,hosp,2025-12-13,2025-12-06,2025-12-03,"December 13, 2025","December 03, 2025","December 06, 2025",RSVHub-ensemble
Indiana,2,0.14574858660308143,0.6267189223932501,2.3757019616302273,10,43,163,0.15,0.63,2.38,10,40,160,wk inc rsv hosp,hosp,2025-12-20,2025-12-06,2025-12-03,"December 20, 2025","December 03, 2025","December 06, 2025",RSVHub-ensemble
Indiana,0,NA,NA,NA,8.735522936404035e-4,0.0017468704965651987,0.0036023668198927753,NA,NA,NA,8.7e-4,0.0017,0.0036,wk inc rsv prop ed visits,prop_ed,2025-12-06,2025-12-06,2025-12-03,"December 06, 2025","December 03, 2025","December 06, 2025",RSVHub-ensemble
Indiana,1,NA,NA,NA,9.726620638516746e-4,0.0023283526106259757,0.006436823854498285,NA,NA,NA,9.7e-4,0.0023,0.0064,wk inc rsv prop ed visits,prop_ed,2025-12-13,2025-12-06,2025-12-03,"December 13, 2025","December 03, 2025","December 06, 2025",RSVHub-ensemble
Indiana,2,NA,NA,NA,5.896535111589635e-4,0.00175900690264821,0.004381400421829861,NA,NA,NA,5.9e-4,0.0018,0.0044,wk inc rsv prop ed visits,prop_ed,2025-12-20,2025-12-06,2025-12-03,"December 20, 2025","December 03, 2025","December 06, 2025",RSVHub-ensemble
Iowa,0,0.015592295160900011,0.15592295160900013,0.49895344514880036,0.5,5,16,0.02,0.16,0.5,0,5,20,wk inc rsv hosp,hosp,2025-12-06,2025-12-06,2025-12-03,"December 06, 2025","December 03, 2025","December 06, 2025",RSVHub-ensemble
Iowa,1,0.031184590321800022,0.2182921322526002,0.7796147580450007,1,7,25,0.03,0.22,0.78,1,7,20,wk inc rsv hosp,hosp,2025-12-13,2025-12-06,2025-12-03,"December 13, 2025","December 03, 2025","December 06, 2025",RSVHub-ensemble
Iowa,2,0,0.18710754193080015,0.8419839386886008,0,6,27,0,0.19,0.84,0,6,30,wk inc rsv hosp,hosp,2025-12-20,2025-12-06,2025-12-03,"December 20, 2025","December 03, 2025","December 06, 2025",RSVHub-ensemble
Iowa,0,NA,NA,NA,2.83696945948983e-4,7.936995336921902e-4,0.001738822712113832,NA,NA,NA,2.8e-4,7.9e-4,0.0017,wk inc rsv prop ed visits,prop_ed,2025-12-06,2025-12-06,2025-12-03,"December 06, 2025","December 03, 2025","December 06, 2025",RSVHub-ensemble
Iowa,1,NA,NA,NA,3.1128840876163295e-4,9.858695915926784e-4,0.002694639858242696,NA,NA,NA,3.1e-4,9.9e-4,0.0027,wk inc rsv prop ed visits,prop_ed,2025-12-13,2025-12-06,2025-12-03,"December 13, 2025","December 03, 2025","December 06, 2025",RSVHub-ensemble
Iowa,2,NA,NA,NA,3.3519035379624623e-4,0.0010915671470253891,0.002813398706758631,NA,NA,NA,3.4e-4,0.0011,0.0028,wk inc rsv prop ed visits,prop_ed,2025-12-20,2025-12-06,2025-12-03,"December 20, 2025","December 03, 2025","December 06, 2025",RSVHub-ensemble
Kansas,0,0.017122636776478704,0.18834900454126574,0.5992922871767546,0.5,5.5,17.5,0.02,0.19,0.6,0,6,20,wk inc rsv hosp,hosp,2025-12-06,2025-12-06,2025-12-03,"December 06, 2025","December 03, 2025","December 06, 2025",RSVHub-ensemble
Kansas,1,0.017122636776478704,0.22259427809422314,0.804763928494499,0.5,6.5,23.5,0.02,0.22,0.8,0,6,20,wk inc rsv hosp,hosp,2025-12-13,2025-12-06,2025-12-03,"December 13, 2025","December 03, 2025","December 06, 2025",RSVHub-ensemble
Kansas,2,0.03424527355295741,0.34245273552957406,1.4040562156712535,1,10,41,0.03,0.34,1.4,1,10,40,wk inc rsv hosp,hosp,2025-12-20,2025-12-06,2025-12-03,"December 20, 2025","December 03, 2025","December 06, 2025",RSVHub-ensemble
Kansas,0,NA,NA,NA,1.6543868446522797e-4,5.516791772915521e-4,0.001266252337647549,NA,NA,NA,1.7e-4,5.5e-4,0.0013,wk inc rsv prop ed visits,prop_ed,2025-12-06,2025-12-06,2025-12-03,"December 06, 2025","December 03, 2025","December 06, 2025",RSVHub-ensemble
Kansas,1,NA,NA,NA,1.6050425246323397e-4,6.085930576598141e-4,0.0016083461441701859,NA,NA,NA,1.6e-4,6.1e-4,0.0016,wk inc rsv prop ed visits,prop_ed,2025-12-13,2025-12-06,2025-12-03,"December 13, 2025","December 03, 2025","December 06, 2025",RSVHub-ensemble
Kansas,2,NA,NA,NA,2.625799798742632e-4,9.247118494379878e-4,0.002513217541697986,NA,NA,NA,2.6e-4,9.2e-4,0.0025,wk inc rsv prop ed visits,prop_ed,2025-12-20,2025-12-06,2025-12-03,"December 20, 2025","December 03, 2025","December 06, 2025",RSVHub-ensemble
Kentucky,0,0.31046190078081165,0.6874513517289401,1.4192544035694248,14,31,64,0.31,0.69,1.42,10,30,60,wk inc rsv hosp,hosp,2025-12-06,2025-12-06,2025-12-03,"December 06, 2025","December 03, 2025","December 06, 2025",RSVHub-ensemble
Kentucky,1,0.38807737597601466,0.8981219272587767,2.2730246307166566,17.5,40.5,102.5,0.39,0.9,2.27,20,40,100,wk inc rsv hosp,hosp,2025-12-13,2025-12-06,2025-12-03,"December 13, 2025","December 03, 2025","December 06, 2025",RSVHub-ensemble
Kentucky,2,0.13305510033463358,0.665275501673168,2.616750306581127,6,30,118,0.13,0.67,2.62,6,30,120,wk inc rsv hosp,hosp,2025-12-20,2025-12-06,2025-12-03,"December 20, 2025","December 03, 2025","December 06, 2025",RSVHub-ensemble
Kentucky,0,NA,NA,NA,0.0019495321378177576,0.0031338914076865713,0.005086045783550005,NA,NA,NA,0.0019,0.0031,0.0051,wk inc rsv prop ed visits,prop_ed,2025-12-06,2025-12-06,2025-12-03,"December 06, 2025","December 03, 2025","December 06, 2025",RSVHub-ensemble
Kentucky,1,NA,NA,NA,0.0022137907314535616,0.004090601559746705,0.007926355767213986,NA,NA,NA,0.0022,0.0041,0.0079,wk inc rsv prop ed visits,prop_ed,2025-12-13,2025-12-06,2025-12-03,"December 13, 2025","December 03, 2025","December 06, 2025",RSVHub-ensemble
Kentucky,2,NA,NA,NA,0.0011339570250429357,0.00300330962767218,0.007449628388160366,NA,NA,NA,0.0011,0.003,0.0074,wk inc rsv prop ed visits,prop_ed,2025-12-20,2025-12-06,2025-12-03,"December 20, 2025","December 03, 2025","December 06, 2025",RSVHub-ensemble
Louisiana,0,0.8115718743405977,1.6012093736990174,3.180758552103132,37,73,145.01249999999993,0.81,1.6,3.18,40,70,150,wk inc rsv hosp,hosp,2025-12-06,2025-12-06,2025-12-03,"December 06, 2025","December 03, 2025","December 06, 2025",RSVHub-ensemble
Louisiana,1,0.844199257126588,1.9082906234495138,4.496546871346555,38.4875,87,205,0.84,1.91,4.5,40,90,200,wk inc rsv hosp,hosp,2025-12-13,2025-12-06,2025-12-03,"December 13, 2025","December 03, 2025","December 06, 2025",RSVHub-ensemble
Louisiana,2,0.4606218746257447,1.776684373556444,6.602246869635675,21,81,301,0.46,1.78,6.6,20,80,300,wk inc rsv hosp,hosp,2025-12-20,2025-12-06,2025-12-03,"December 20, 2025","December 03, 2025","December 06, 2025",RSVHub-ensemble
Louisiana,0,NA,NA,NA,0.003075572192262327,0.00475078317997657,0.00745929186821406,NA,NA,NA,0.0031,0.0048,0.0075,wk inc rsv prop ed visits,prop_ed,2025-12-06,2025-12-06,2025-12-03,"December 06, 2025","December 03, 2025","December 06, 2025",RSVHub-ensemble
Louisiana,1,NA,NA,NA,0.003055343379275539,0.005566060009081564,0.009964919971150343,NA,NA,NA,0.0031,0.0056,0.01,wk inc rsv prop ed visits,prop_ed,2025-12-13,2025-12-06,2025-12-03,"December 13, 2025","December 03, 2025","December 06, 2025",RSVHub-ensemble
Louisiana,2,NA,NA,NA,0.0020854709943883983,0.005085629909201756,0.011746383645263854,NA,NA,NA,0.0021,0.0051,0.012,wk inc rsv prop ed visits,prop_ed,2025-12-20,2025-12-06,2025-12-03,"December 20, 2025","December 03, 2025","December 06, 2025",RSVHub-ensemble
Maine,0,0,0.07168124782716218,0.3584062391358109,0,1,5,0,0.07,0.36,0,1,5,wk inc rsv hosp,hosp,2025-12-06,2025-12-06,2025-12-03,"December 06, 2025","December 03, 2025","December 06, 2025",RSVHub-ensemble
Maine,1,0,0.07168124782716218,0.46592811087655417,0,1,6.5,0,0.07,0.47,0,1,6,wk inc rsv hosp,hosp,2025-12-13,2025-12-06,2025-12-03,"December 13, 2025","December 03, 2025","December 06, 2025",RSVHub-ensemble
Maine,2,0,0.21504374348148655,1.0035374695802706,0,3,14,0,0.22,1,0,3,10,wk inc rsv hosp,hosp,2025-12-20,2025-12-06,2025-12-03,"December 20, 2025","December 03, 2025","December 06, 2025",RSVHub-ensemble
Maine,0,NA,NA,NA,2.8369355890037742e-5,1.586712992929228e-4,5.681070973343273e-4,NA,NA,NA,2.8e-5,1.6e-4,5.7e-4,wk inc rsv prop ed visits,prop_ed,2025-12-06,2025-12-06,2025-12-03,"December 06, 2025","December 03, 2025","December 06, 2025",RSVHub-ensemble
Maine,1,NA,NA,NA,4.0110290236074825e-5,1.8768121594667404e-4,6.550276648349198e-4,NA,NA,NA,4e-5,1.9e-4,6.6e-4,wk inc rsv prop ed visits,prop_ed,2025-12-13,2025-12-06,2025-12-03,"December 13, 2025","December 03, 2025","December 06, 2025",RSVHub-ensemble
Maine,2,NA,NA,NA,9.043331296542324e-5,4.4254411091729457e-4,0.0013061875235398064,NA,NA,NA,9e-5,4.4e-4,0.0013,wk inc rsv prop ed visits,prop_ed,2025-12-20,2025-12-06,2025-12-03,"December 20, 2025","December 03, 2025","December 06, 2025",RSVHub-ensemble
Maryland,0,0.45534570984655826,0.6202974905789514,1.1871513149570982,28,38.14317201333333,73,0.46,0.62,1.19,30,40,70,wk inc rsv hosp,hosp,2025-12-06,2025-12-06,2025-12-03,"December 06, 2025","December 03, 2025","December 06, 2025",RSVHub-ensemble
Maryland,1,0.5221197982579991,0.711721923952713,1.6912840651443592,32.106054883333336,43.7650195,104,0.52,0.71,1.69,30,40,100,wk inc rsv hosp,hosp,2025-12-13,2025-12-06,2025-12-03,"December 13, 2025","December 03, 2025","December 06, 2025",RSVHub-ensemble
Maryland,2,0.36532817117659483,0.6964890770017783,1.5925143347166089,22.464664916666663,42.82832523583333,97.92647741666667,0.37,0.7,1.59,20,40,100,wk inc rsv hosp,hosp,2025-12-20,2025-12-06,2025-12-03,"December 20, 2025","December 03, 2025","December 06, 2025",RSVHub-ensemble
Maryland,0,NA,NA,NA,0.0019993025178219933,0.003303741578354822,0.005418287307533718,NA,NA,NA,0.002,0.0033,0.0054,wk inc rsv prop ed visits,prop_ed,2025-12-06,2025-12-06,2025-12-03,"December 06, 2025","December 03, 2025","December 06, 2025",RSVHub-ensemble
Maryland,1,NA,NA,NA,0.002159031792494743,0.004055470131363008,0.007686053725054702,NA,NA,NA,0.0022,0.0041,0.0077,wk inc rsv prop ed visits,prop_ed,2025-12-13,2025-12-06,2025-12-03,"December 13, 2025","December 03, 2025","December 06, 2025",RSVHub-ensemble
Maryland,2,NA,NA,NA,0.00146056024786941,0.003676444642297568,0.00879776065559333,NA,NA,NA,0.0015,0.0037,0.0088,wk inc rsv prop ed visits,prop_ed,2025-12-20,2025-12-06,2025-12-03,"December 20, 2025","December 03, 2025","December 06, 2025",RSVHub-ensemble
Massachusetts,0,0.18576648609687893,0.7144864849879959,2.1863286440632677,13,50,153,0.19,0.71,2.19,10,50,150,wk inc rsv hosp,hosp,2025-12-06,2025-12-06,2025-12-03,"December 06, 2025","December 03, 2025","December 06, 2025",RSVHub-ensemble
Massachusetts,1,0.20720108064651882,0.9002529710848748,3.300927560644541,14.5,63,231,0.21,0.9,3.3,10,60,230,wk inc rsv hosp,hosp,2025-12-13,2025-12-06,2025-12-03,"December 13, 2025","December 03, 2025","December 06, 2025",RSVHub-ensemble
Massachusetts,2,0.11431783759807936,0.5001405394915971,1.9291135094675889,8,35,135,0.11,0.5,1.93,8,40,140,wk inc rsv hosp,hosp,2025-12-20,2025-12-06,2025-12-03,"December 20, 2025","December 03, 2025","December 06, 2025",RSVHub-ensemble
Massachusetts,0,NA,NA,NA,0.0011462902559289836,0.002055157482913203,0.003495011585256252,NA,NA,NA,0.0011,0.0021,0.0035,wk inc rsv prop ed visits,prop_ed,2025-12-06,2025-12-06,2025-12-03,"December 06, 2025","December 03, 2025","December 06, 2025",RSVHub-ensemble
Massachusetts,1,NA,NA,NA,0.0012467936004945037,0.002577893919575795,0.005229695479065967,NA,NA,NA,0.0012,0.0026,0.0052,wk inc rsv prop ed visits,prop_ed,2025-12-13,2025-12-06,2025-12-03,"December 13, 2025","December 03, 2025","December 06, 2025",RSVHub-ensemble
Massachusetts,2,NA,NA,NA,7.645643876261402e-4,0.002231024773541387,0.005429278212790374,NA,NA,NA,7.6e-4,0.0022,0.0054,wk inc rsv prop ed visits,prop_ed,2025-12-20,2025-12-06,2025-12-03,"December 20, 2025","December 03, 2025","December 06, 2025",RSVHub-ensemble
Michigan,0,0.0723852909933016,0.20714042377034184,0.3888750544699094,7.264122366666662,20.78728101666666,39.024999999999864,0.07,0.21,0.39,7,20,40,wk inc rsv hosp,hosp,2025-12-06,2025-12-06,2025-12-03,"December 06, 2025","December 03, 2025","December 06, 2025",RSVHub-ensemble
Michigan,1,0.09194433508112038,0.26331792265420484,0.6078508218491878,9.226942266666669,26.424893583333333,61,0.09,0.26,0.61,9,30,60,wk inc rsv hosp,hosp,2025-12-13,2025-12-06,2025-12-03,"December 13, 2025","December 03, 2025","December 06, 2025",RSVHub-ensemble
Michigan,2,0.07275174872536508,0.2666269448942707,0.6990949703300706,7.300897708333334,26.756965778333335,70.15667604166667,0.07,0.27,0.7,7,30,70,wk inc rsv hosp,hosp,2025-12-20,2025-12-06,2025-12-03,"December 20, 2025","December 03, 2025","December 06, 2025",RSVHub-ensemble
Michigan,0,NA,NA,NA,3.4021923522167634e-4,7.34623142213697e-4,0.00141007567588626,NA,NA,NA,3.4e-4,7.3e-4,0.0014,wk inc rsv prop ed visits,prop_ed,2025-12-06,2025-12-06,2025-12-03,"December 06, 2025","December 03, 2025","December 06, 2025",RSVHub-ensemble
Michigan,1,NA,NA,NA,3.619147889712539e-4,8.775035189746206e-4,0.001931042338602752,NA,NA,NA,3.6e-4,8.8e-4,0.0019,wk inc rsv prop ed visits,prop_ed,2025-12-13,2025-12-06,2025-12-03,"December 13, 2025","December 03, 2025","December 06, 2025",RSVHub-ensemble
Michigan,2,NA,NA,NA,2.6131524902137674e-4,9.416414359896953e-4,0.0024665495331434965,NA,NA,NA,2.6e-4,9.4e-4,0.0025,wk inc rsv prop ed visits,prop_ed,2025-12-20,2025-12-06,2025-12-03,"December 20, 2025","December 03, 2025","December 06, 2025",RSVHub-ensemble
Minnesota,0,0.20915750832751903,0.45856415562620034,0.7320512791463167,12,26.309215057666663,42,0.21,0.46,0.73,10,30,40,wk inc rsv hosp,hosp,2025-12-06,2025-12-06,2025-12-03,"December 06, 2025","December 03, 2025","December 06, 2025",RSVHub-ensemble
Minnesota,1,0.2087217635185034,0.5126044615388101,1.010927956916342,11.975000000000001,29.40967115,58,0.21,0.51,1.01,10,30,60,wk inc rsv hosp,hosp,2025-12-13,2025-12-06,2025-12-03,"December 13, 2025","December 03, 2025","December 06, 2025",RSVHub-ensemble
Minnesota,2,0.31923090329492226,0.6703910646982854,1.733753263075002,18.31524419166667,38.46236666666667,99.470677975,0.32,0.67,1.73,20,40,100,wk inc rsv hosp,hosp,2025-12-20,2025-12-06,2025-12-03,"December 20, 2025","December 03, 2025","December 06, 2025",RSVHub-ensemble
Minnesota,0,NA,NA,NA,8.463320648351153e-4,0.0016437283750778855,0.003005146795022535,NA,NA,NA,8.5e-4,0.0016,0.003,wk inc rsv prop ed visits,prop_ed,2025-12-06,2025-12-06,2025-12-03,"December 06, 2025","December 03, 2025","December 06, 2025",RSVHub-ensemble
Minnesota,1,NA,NA,NA,8.07227866708372e-4,0.001845640509761294,0.0038082658801878284,NA,NA,NA,8.1e-4,0.0018,0.0038,wk inc rsv prop ed visits,prop_ed,2025-12-13,2025-12-06,2025-12-03,"December 13, 2025","December 03, 2025","December 06, 2025",RSVHub-ensemble
Minnesota,2,NA,NA,NA,6.699132999910591e-4,0.0019473157740037795,0.004845009475713238,NA,NA,NA,6.7e-4,0.0019,0.0048,wk inc rsv prop ed visits,prop_ed,2025-12-20,2025-12-06,2025-12-03,"December 20, 2025","December 03, 2025","December 06, 2025",RSVHub-ensemble
Mississippi,0,0.13665547344459594,0.4612122228755113,1.0932437875567675,4,13.5,32,0.14,0.46,1.09,4,10,30,wk inc rsv hosp,hosp,2025-12-06,2025-12-06,2025-12-03,"December 06, 2025","December 03, 2025","December 06, 2025",RSVHub-ensemble
Mississippi,1,0.18790127598631942,0.6149496305006817,1.8448488915020451,5.5,18,54,0.19,0.61,1.84,6,20,50,wk inc rsv hosp,hosp,2025-12-13,2025-12-06,2025-12-03,"December 13, 2025","December 03, 2025","December 06, 2025",RSVHub-ensemble
Mississippi,2,0.06832773672229797,0.4441302886949368,1.7081934180574492,2,13,50,0.07,0.44,1.71,2,10,50,wk inc rsv hosp,hosp,2025-12-20,2025-12-06,2025-12-03,"December 20, 2025","December 03, 2025","December 06, 2025",RSVHub-ensemble
Mississippi,0,NA,NA,NA,0.0011523591387873956,0.002064818892771393,0.0035722081266760784,NA,NA,NA,0.0012,0.0021,0.0036,wk inc rsv prop ed visits,prop_ed,2025-12-06,2025-12-06,2025-12-03,"December 06, 2025","December 03, 2025","December 06, 2025",RSVHub-ensemble
Mississippi,1,NA,NA,NA,0.0013320896432109492,0.0027906611246506625,0.006040200916472547,NA,NA,NA,0.0013,0.0028,0.006,wk inc rsv prop ed visits,prop_ed,2025-12-13,2025-12-06,2025-12-03,"December 13, 2025","December 03, 2025","December 06, 2025",RSVHub-ensemble
Mississippi,2,NA,NA,NA,0.00062358762499912135,0.001870217321388728,0.004466957028611664,NA,NA,NA,6.2e-4,0.0019,0.0045,wk inc rsv prop ed visits,prop_ed,2025-12-20,2025-12-06,2025-12-03,"December 20, 2025","December 03, 2025","December 06, 2025",RSVHub-ensemble
Missouri,0,0.11324291803056977,0.29524046486541405,0.6794575081834185,7,18.25,42,0.11,0.3,0.68,7,20,40,wk inc rsv hosp,hosp,2025-12-06,2025-12-06,2025-12-03,"December 06, 2025","December 03, 2025","December 06, 2025",RSVHub-ensemble
Missouri,1,0.12942047774922258,0.38017265338834133,1.075807721290413,8,23.5,66.5,0.13,0.38,1.08,8,20,70,wk inc rsv hosp,hosp,2025-12-13,2025-12-06,2025-12-03,"December 13, 2025","December 03, 2025","December 06, 2025",RSVHub-ensemble
Missouri,2,0.04853267915595847,0.27501851521709797,1.1000740608683919,3,17,68,0.05,0.28,1.1,3,20,70,wk inc rsv hosp,hosp,2025-12-20,2025-12-06,2025-12-03,"December 20, 2025","December 03, 2025","December 06, 2025",RSVHub-ensemble
Missouri,0,NA,NA,NA,0.002076161719247859,0.0030671929040511506,0.004469995988257928,NA,NA,NA,0.0021,0.0031,0.0045,wk inc rsv prop ed visits,prop_ed,2025-12-06,2025-12-06,2025-12-03,"December 06, 2025","December 03, 2025","December 06, 2025",RSVHub-ensemble
Missouri,1,NA,NA,NA,0.0022380165674116626,0.0040898029655943935,0.007819629076087242,NA,NA,NA,0.0022,0.0041,0.0078,wk inc rsv prop ed visits,prop_ed,2025-12-13,2025-12-06,2025-12-03,"December 13, 2025","December 03, 2025","December 06, 2025",RSVHub-ensemble
Montana,0,0,0.08853616082416542,1.6821870556591427,0,1,19,0,0.09,1.68,0,1,20,wk inc rsv hosp,hosp,2025-12-06,2025-12-06,2025-12-03,"December 06, 2025","December 03, 2025","December 06, 2025",RSVHub-ensemble
Montana,1,0,0.08853616082416542,2.3904763422524664,0,1,27,0,0.09,2.39,0,1,30,wk inc rsv hosp,hosp,2025-12-13,2025-12-06,2025-12-03,"December 13, 2025","December 03, 2025","December 06, 2025",RSVHub-ensemble
Montana,2,0,0.17707232164833084,1.1509700907141505,0,2,13,0,0.18,1.15,0,2,10,wk inc rsv hosp,hosp,2025-12-20,2025-12-06,2025-12-03,"December 20, 2025","December 03, 2025","December 06, 2025",RSVHub-ensemble
Montana,0,NA,NA,NA,3.16996272345162e-5,2.890233290153098e-4,9.649300347303645e-4,NA,NA,NA,3.2e-5,2.9e-4,9.6e-4,wk inc rsv prop ed visits,prop_ed,2025-12-06,2025-12-06,2025-12-03,"December 06, 2025","December 03, 2025","December 06, 2025",RSVHub-ensemble
Montana,1,NA,NA,NA,3.612581631289995e-5,3.2008219787474064e-4,0.0014032370918319742,NA,NA,NA,3.6e-5,3.2e-4,0.0014,wk inc rsv prop ed visits,prop_ed,2025-12-13,2025-12-06,2025-12-03,"December 13, 2025","December 03, 2025","December 06, 2025",RSVHub-ensemble
Montana,2,NA,NA,NA,7.974428990963968e-5,4.616601116601973e-4,0.0013728317979336915,NA,NA,NA,8e-5,4.6e-4,0.0014,wk inc rsv prop ed visits,prop_ed,2025-12-20,2025-12-06,2025-12-03,"December 20, 2025","December 03, 2025","December 06, 2025",RSVHub-ensemble
Nebraska,0,0.025356062507765297,0.17749243755435706,0.6598915267645883,0.5,3.5,13.012499999999932,0.03,0.18,0.66,0,4,10,wk inc rsv hosp,hosp,2025-12-06,2025-12-06,2025-12-03,"December 06, 2025","December 03, 2025","December 06, 2025",RSVHub-ensemble
Nebraska,1,0.025356062507765297,0.22820456256988764,0.8874621877717853,0.5,4.5,17.5,0.03,0.23,0.89,0,4,20,wk inc rsv hosp,hosp,2025-12-13,2025-12-06,2025-12-03,"December 13, 2025","December 03, 2025","December 06, 2025",RSVHub-ensemble
Nebraska,2,0.050712125015530594,0.3549848751087141,1.5720758754814483,1,7,31,0.05,0.35,1.57,1,7,30,wk inc rsv hosp,hosp,2025-12-20,2025-12-06,2025-12-03,"December 20, 2025","December 03, 2025","December 06, 2025",RSVHub-ensemble
Nebraska,0,NA,NA,NA,2.5889023345019466e-5,2.4068374285583728e-4,7.658215587230142e-4,NA,NA,NA,2.6e-5,2.4e-4,7.7e-4,wk inc rsv prop ed visits,prop_ed,2025-12-06,2025-12-06,2025-12-03,"December 06, 2025","December 03, 2025","December 06, 2025",RSVHub-ensemble
Nebraska,1,NA,NA,NA,3.022643771214905e-5,2.7030894528082207e-4,9.849796895801712e-4,NA,NA,NA,3e-5,2.7e-4,9.8e-4,wk inc rsv prop ed visits,prop_ed,2025-12-13,2025-12-06,2025-12-03,"December 13, 2025","December 03, 2025","December 06, 2025",RSVHub-ensemble
Nebraska,2,NA,NA,NA,7.904066658516474e-5,4.23070123194002e-4,0.0012501719513519946,NA,NA,NA,7.9e-5,4.2e-4,0.0013,wk inc rsv prop ed visits,prop_ed,2025-12-20,2025-12-06,2025-12-03,"December 20, 2025","December 03, 2025","December 06, 2025",RSVHub-ensemble
Nevada,0,0.015713165590052938,0.14141849031047643,0.4242554709314293,0.5,4.5,13.5,0.02,0.14,0.42,0,4,10,wk inc rsv hosp,hosp,2025-12-06,2025-12-06,2025-12-03,"December 06, 2025","December 03, 2025","December 06, 2025",RSVHub-ensemble
Nevada,1,0.015713165590052938,0.1728448214905823,0.5813871268319587,0.5,5.5,18.5,0.02,0.17,0.58,0,6,20,wk inc rsv hosp,hosp,2025-12-13,2025-12-06,2025-12-03,"December 13, 2025","December 03, 2025","December 06, 2025",RSVHub-ensemble
Nevada,2,0,0.18855798708063526,0.8485109418628586,0,6,27,0,0.19,0.85,0,6,30,wk inc rsv hosp,hosp,2025-12-20,2025-12-06,2025-12-03,"December 20, 2025","December 03, 2025","December 06, 2025",RSVHub-ensemble
Nevada,0,NA,NA,NA,2.0044634134851555e-4,5.931719768720391e-4,0.0013216954596888973,NA,NA,NA,2e-4,5.9e-4,0.0013,wk inc rsv prop ed visits,prop_ed,2025-12-06,2025-12-06,2025-12-03,"December 06, 2025","December 03, 2025","December 06, 2025",RSVHub-ensemble
Nevada,1,NA,NA,NA,2.039804369489863e-4,6.801145564640238e-4,0.0017083080073399819,NA,NA,NA,2e-4,6.8e-4,0.0017,wk inc rsv prop ed visits,prop_ed,2025-12-13,2025-12-06,2025-12-03,"December 13, 2025","December 03, 2025","December 06, 2025",RSVHub-ensemble
Nevada,2,NA,NA,NA,2.2897796229583893e-4,8.836353814307865e-4,0.0023971882953114265,NA,NA,NA,2.3e-4,8.8e-4,0.0024,wk inc rsv prop ed visits,prop_ed,2025-12-20,2025-12-06,2025-12-03,"December 20, 2025","December 03, 2025","December 06, 2025",RSVHub-ensemble
New Hampshire,0,0,0.24973118222028146,0.8562211961838222,0,3.5,12,0,0.25,0.86,0,4,10,wk inc rsv hosp,hosp,2025-12-06,2025-12-06,2025-12-03,"December 06, 2025","December 03, 2025","December 06, 2025",RSVHub-ensemble
New Hampshire,1,0,0.28540706539460736,1.2129800279270813,0,4,17,0,0.29,1.21,0,4,20,wk inc rsv hosp,hosp,2025-12-13,2025-12-06,2025-12-03,"December 13, 2025","December 03, 2025","December 06, 2025",RSVHub-ensemble
New Hampshire,2,0,0.35675883174325923,1.5697388596703405,0,5,22,0,0.36,1.57,0,5,20,wk inc rsv hosp,hosp,2025-12-20,2025-12-06,2025-12-03,"December 20, 2025","December 03, 2025","December 06, 2025",RSVHub-ensemble
New Hampshire,0,NA,NA,NA,1.874149385617338e-4,8.541471016835938e-4,0.002097280469126066,NA,NA,NA,1.9e-4,8.5e-4,0.0021,wk inc rsv prop ed visits,prop_ed,2025-12-06,2025-12-06,2025-12-03,"December 06, 2025","December 03, 2025","December 06, 2025",RSVHub-ensemble
New Hampshire,1,NA,NA,NA,1.944571036179447e-4,0.0010042314311640326,0.0027675560658703617,NA,NA,NA,1.9e-4,0.001,0.0028,wk inc rsv prop ed visits,prop_ed,2025-12-13,2025-12-06,2025-12-03,"December 13, 2025","December 03, 2025","December 06, 2025",RSVHub-ensemble
New Hampshire,2,NA,NA,NA,4.40924777198834e-4,0.0013962883392841796,0.0036706212279358553,NA,NA,NA,4.4e-4,0.0014,0.0037,wk inc rsv prop ed visits,prop_ed,2025-12-20,2025-12-06,2025-12-03,"December 20, 2025","December 03, 2025","December 06, 2025",RSVHub-ensemble
New Jersey,0,0.6247661839486149,1.120270398804413,2.1166647438948765,58,104,196.5,0.62,1.12,2.12,60,100,200,wk inc rsv hosp,hosp,2025-12-06,2025-12-06,2025-12-03,"December 06, 2025","December 03, 2025","December 06, 2025",RSVHub-ensemble
New Jersey,1,0.6893971684950233,1.4003379985055162,3.156415707785221,64,130,293.02499999999986,0.69,1.4,3.16,60,130,290,wk inc rsv hosp,hosp,2025-12-13,2025-12-06,2025-12-03,"December 13, 2025","December 03, 2025","December 06, 2025",RSVHub-ensemble
New Jersey,2,0.3016112612165727,1.1418140603198823,4.13638301097014,28,106,384,0.3,1.14,4.14,30,110,380,wk inc rsv hosp,hosp,2025-12-20,2025-12-06,2025-12-03,"December 20, 2025","December 03, 2025","December 06, 2025",RSVHub-ensemble
New Jersey,0,NA,NA,NA,0.0017577522511091149,0.0027630690101136594,0.004359210243410598,NA,NA,NA,0.0018,0.0028,0.0044,wk inc rsv prop ed visits,prop_ed,2025-12-06,2025-12-06,2025-12-03,"December 06, 2025","December 03, 2025","December 06, 2025",RSVHub-ensemble
New Jersey,1,NA,NA,NA,0.001959404493368653,0.0034630882208984714,0.006146129038908544,NA,NA,NA,0.002,0.0035,0.0061,wk inc rsv prop ed visits,prop_ed,2025-12-13,2025-12-06,2025-12-03,"December 13, 2025","December 03, 2025","December 06, 2025",RSVHub-ensemble
New Jersey,2,NA,NA,NA,0.001030257351958548,0.0027187994856320815,0.006713811172907058,NA,NA,NA,0.001,0.0027,0.0067,wk inc rsv prop ed visits,prop_ed,2025-12-20,2025-12-06,2025-12-03,"December 20, 2025","December 03, 2025","December 06, 2025",RSVHub-ensemble
New Mexico,0,0,0.14279200250552368,0.4087532524051726,0,3,8.587734156666667,0,0.14,0.41,0,3,9,wk inc rsv hosp,hosp,2025-12-06,2025-12-06,2025-12-03,"December 06, 2025","December 03, 2025","December 06, 2025",RSVHub-ensemble
New Mexico,1,0,0.19038933667403157,0.7139600125276183,0,4,15,0,0.19,0.71,0,4,20,wk inc rsv hosp,hosp,2025-12-13,2025-12-06,2025-12-03,"December 13, 2025","December 03, 2025","December 06, 2025",RSVHub-ensemble
New Mexico,2,0.09255511493645592,0.3844160802675097,0.7717786596241651,1.9445440916666654,8.076420391666666,16.214745491666665,0.09,0.38,0.77,2,8,20,wk inc rsv hosp,hosp,2025-12-20,2025-12-06,2025-12-03,"December 20, 2025","December 03, 2025","December 06, 2025",RSVHub-ensemble
New Mexico,0,NA,NA,NA,8.264946668441319e-5,3.9321147732929374e-4,0.0010244743308608592,NA,NA,NA,8.3e-5,3.9e-4,0.001,wk inc rsv prop ed visits,prop_ed,2025-12-06,2025-12-06,2025-12-03,"December 06, 2025","December 03, 2025","December 06, 2025",RSVHub-ensemble
New Mexico,1,NA,NA,NA,8.666608206882995e-5,4.742794553465292e-4,0.0014291303195148879,NA,NA,NA,8.7e-5,4.7e-4,0.0014,wk inc rsv prop ed visits,prop_ed,2025-12-13,2025-12-06,2025-12-03,"December 13, 2025","December 03, 2025","December 06, 2025",RSVHub-ensemble
New Mexico,2,NA,NA,NA,1.3945889676990656e-4,6.201651297091111e-4,0.0017230927637236174,NA,NA,NA,1.4e-4,6.2e-4,0.0017,wk inc rsv prop ed visits,prop_ed,2025-12-20,2025-12-06,2025-12-03,"December 20, 2025","December 03, 2025","December 06, 2025",RSVHub-ensemble
New York,0,0.6899918725782851,0.8553023771856085,1.8719393025215534,134.90663133333334,167.22800233333334,366,0.69,0.86,1.87,130,170,370,wk inc rsv hosp,hosp,2025-12-06,2025-12-06,2025-12-03,"December 06, 2025","December 03, 2025","December 06, 2025",RSVHub-ensemble
New York,1,0.7456460942242181,0.9839732117984411,2.5419503643530383,145.78809799999996,192.3856158333333,497,0.75,0.98,2.54,150,190,500,wk inc rsv hosp,hosp,2025-12-13,2025-12-06,2025-12-03,"December 13, 2025","December 03, 2025","December 06, 2025",RSVHub-ensemble
New York,2,0.5853791286235068,1.029709330874103,2.3559873509242437,114.45283551000001,201.3279034166667,460.64066782333333,0.59,1.03,2.36,110,200,460,wk inc rsv hosp,hosp,2025-12-20,2025-12-06,2025-12-03,"December 20, 2025","December 03, 2025","December 06, 2025",RSVHub-ensemble
New York,0,NA,NA,NA,0.001304699881290496,0.002038533372987511,0.003259642278017522,NA,NA,NA,0.0013,0.002,0.0033,wk inc rsv prop ed visits,prop_ed,2025-12-06,2025-12-06,2025-12-03,"December 06, 2025","December 03, 2025","December 06, 2025",RSVHub-ensemble
New York,1,NA,NA,NA,0.0015126960191199409,0.002670299749961548,0.004918962190929773,NA,NA,NA,0.0015,0.0027,0.0049,wk inc rsv prop ed visits,prop_ed,2025-12-13,2025-12-06,2025-12-03,"December 13, 2025","December 03, 2025","December 06, 2025",RSVHub-ensemble
New York,2,NA,NA,NA,6.749773981049151e-4,0.0019652556402737337,0.004865948776843259,NA,NA,NA,6.7e-4,0.002,0.0049,wk inc rsv prop ed visits,prop_ed,2025-12-20,2025-12-06,2025-12-03,"December 20, 2025","December 03, 2025","December 06, 2025",RSVHub-ensemble
North Carolina,0,0.40984370051603053,0.7544849941317834,1.4670541552562455,44,81,157.5,0.41,0.75,1.47,40,80,160,wk inc rsv hosp,hosp,2025-12-06,2025-12-06,2025-12-03,"December 06, 2025","December 03, 2025","December 06, 2025",RSVHub-ensemble
North Carolina,1,0.4563004154324782,0.96406415916839,2.202909890273664,48.9875,103.5,236.5,0.46,0.96,2.2,50,100,240,wk inc rsv hosp,hosp,2025-12-13,2025-12-06,2025-12-03,"December 13, 2025","December 03, 2025","December 06, 2025",RSVHub-ensemble
North Carolina,2,0.1862925911436502,0.7544849941317834,2.7943888671547534,20,81,300,0.19,0.75,2.79,20,80,300,wk inc rsv hosp,hosp,2025-12-20,2025-12-06,2025-12-03,"December 20, 2025","December 03, 2025","December 06, 2025",RSVHub-ensemble
North Carolina,0,NA,NA,NA,0.0023751335306218093,0.003592868682699235,0.0054302937748813545,NA,NA,NA,0.0024,0.0036,0.0054,wk inc rsv prop ed visits,prop_ed,2025-12-06,2025-12-06,2025-12-03,"December 06, 2025","December 03, 2025","December 06, 2025",RSVHub-ensemble
North Carolina,1,NA,NA,NA,0.0026547095152597323,0.004591514045080222,0.007925327759936889,NA,NA,NA,0.0027,0.0046,0.0079,wk inc rsv prop ed visits,prop_ed,2025-12-13,2025-12-06,2025-12-03,"December 13, 2025","December 03, 2025","December 06, 2025",RSVHub-ensemble
North Carolina,2,NA,NA,NA,0.0012979109612547045,0.0034134138964984394,0.007923365385275766,NA,NA,NA,0.0013,0.0034,0.0079,wk inc rsv prop ed visits,prop_ed,2025-12-20,2025-12-06,2025-12-03,"December 20, 2025","December 03, 2025","December 06, 2025",RSVHub-ensemble
North Dakota,0,0,0.12874569506582123,0.7724741703949275,0,1,6,0,0.13,0.77,0,1,6,wk inc rsv hosp,hosp,2025-12-06,2025-12-06,2025-12-03,"December 06, 2025","December 03, 2025","December 06, 2025",RSVHub-ensemble
North Dakota,1,0,0.19311854259873187,1.3518297981911231,0,1.5,10.5,0,0.19,1.35,0,2,10,wk inc rsv hosp,hosp,2025-12-13,2025-12-06,2025-12-03,"December 13, 2025","December 03, 2025","December 06, 2025",RSVHub-ensemble
North Dakota,2,0,0.25749139013164246,1.158711255592391,0,2,9,0,0.26,1.16,0,2,9,wk inc rsv hosp,hosp,2025-12-20,2025-12-06,2025-12-03,"December 20, 2025","December 03, 2025","December 06, 2025",RSVHub-ensemble
North Dakota,0,NA,NA,NA,3.758021539188285e-5,3.6707864392558306e-4,0.001236543798194717,NA,NA,NA,3.8e-5,3.7e-4,0.0012,wk inc rsv prop ed visits,prop_ed,2025-12-06,2025-12-06,2025-12-03,"December 06, 2025","December 03, 2025","December 06, 2025",RSVHub-ensemble
North Dakota,1,NA,NA,NA,4.520514379141669e-5,4.884599573151575e-4,0.0019849579630024754,NA,NA,NA,4.5e-5,4.9e-4,0.002,wk inc rsv prop ed visits,prop_ed,2025-12-13,2025-12-06,2025-12-03,"December 13, 2025","December 03, 2025","December 06, 2025",RSVHub-ensemble
North Dakota,2,NA,NA,NA,1.1036391479252838e-4,5.40929539740399e-4,0.0015261701459120755,NA,NA,NA,1.1e-4,5.4e-4,0.0015,wk inc rsv prop ed visits,prop_ed,2025-12-20,2025-12-06,2025-12-03,"December 20, 2025","December 03, 2025","December 06, 2025",RSVHub-ensemble
Ohio,0,0.2631710532895066,0.4966292457237463,0.9762797138159115,31,58.5,115,0.26,0.5,0.98,30,60,120,wk inc rsv hosp,hosp,2025-12-06,2025-12-06,2025-12-03,"December 06, 2025","December 03, 2025","December 06, 2025",RSVHub-ensemble
Ohio,1,0.30137330296056397,0.6579276332237665,1.545174881834074,35.5,77.5,182.01249999999993,0.3,0.66,1.55,40,80,180,wk inc rsv hosp,hosp,2025-12-13,2025-12-06,2025-12-03,"December 13, 2025","December 03, 2025","December 06, 2025",RSVHub-ensemble
Ohio,2,0.11036205460527697,0.4669163848684794,1.7997504289475934,13,55,212,0.11,0.47,1.8,10,60,210,wk inc rsv hosp,hosp,2025-12-20,2025-12-06,2025-12-03,"December 20, 2025","December 03, 2025","December 06, 2025",RSVHub-ensemble
Ohio,0,NA,NA,NA,5.961504561168539e-4,0.0010419201077133077,0.0017662825668748753,NA,NA,NA,6e-4,0.001,0.0018,wk inc rsv prop ed visits,prop_ed,2025-12-06,2025-12-06,2025-12-03,"December 06, 2025","December 03, 2025","December 06, 2025",RSVHub-ensemble
Ohio,1,NA,NA,NA,6.775687660545025e-4,0.0013606719230352196,0.0026039404583730087,NA,NA,NA,6.8e-4,0.0014,0.0026,wk inc rsv prop ed visits,prop_ed,2025-12-13,2025-12-06,2025-12-03,"December 13, 2025","December 03, 2025","December 06, 2025",RSVHub-ensemble
Ohio,2,NA,NA,NA,2.605694605038763e-4,9.568434164227086e-4,0.0024627117566793353,NA,NA,NA,2.6e-4,9.6e-4,0.0025,wk inc rsv prop ed visits,prop_ed,2025-12-20,2025-12-06,2025-12-03,"December 20, 2025","December 03, 2025","December 06, 2025",RSVHub-ensemble
Oklahoma,0,0,0.16107093836707273,0.7310142587428686,0,6.5,29.5,0,0.16,0.73,0,6,30,wk inc rsv hosp,hosp,2025-12-06,2025-12-06,2025-12-03,"December 06, 2025","December 03, 2025","December 06, 2025",RSVHub-ensemble
Oklahoma,1,0.012390072182082518,0.22302129927748535,1.3263572270919302,0.5,9,53.524999999999864,0.01,0.22,1.33,0,9,50,wk inc rsv hosp,hosp,2025-12-13,2025-12-06,2025-12-03,"December 13, 2025","December 03, 2025","December 06, 2025",RSVHub-ensemble
Oklahoma,2,0,0.09912057745666014,0.4460425985549707,0,4,18,0,0.1,0.45,0,4,20,wk inc rsv hosp,hosp,2025-12-20,2025-12-06,2025-12-03,"December 20, 2025","December 03, 2025","December 06, 2025",RSVHub-ensemble
Oklahoma,0,NA,NA,NA,4.3845382841626365e-4,0.0011803680576485335,0.0025001577470144948,NA,NA,NA,4.4e-4,0.0012,0.0025,wk inc rsv prop ed visits,prop_ed,2025-12-06,2025-12-06,2025-12-03,"December 06, 2025","December 03, 2025","December 06, 2025",RSVHub-ensemble
Oklahoma,1,NA,NA,NA,5.158955358580447e-4,0.0015923450228014144,0.004418157385879666,NA,NA,NA,5.2e-4,0.0016,0.0044,wk inc rsv prop ed visits,prop_ed,2025-12-13,2025-12-06,2025-12-03,"December 13, 2025","December 03, 2025","December 06, 2025",RSVHub-ensemble
Oklahoma,2,NA,NA,NA,3.0494318777570504e-4,0.0011114144319337147,0.002918716298757591,NA,NA,NA,3e-4,0.0011,0.0029,wk inc rsv prop ed visits,prop_ed,2025-12-20,2025-12-06,2025-12-03,"December 20, 2025","December 03, 2025","December 06, 2025",RSVHub-ensemble
Oregon,0,0,0.11814915101564553,0.4017071134531948,0,5,17,0,0.12,0.4,0,5,20,wk inc rsv hosp,hosp,2025-12-06,2025-12-06,2025-12-03,"December 06, 2025","December 03, 2025","December 06, 2025",RSVHub-ensemble
Oregon,1,0,0.14177898121877466,0.5434860946719695,0,6,23,0,0.14,0.54,0,6,20,wk inc rsv hosp,hosp,2025-12-13,2025-12-06,2025-12-03,"December 13, 2025","December 03, 2025","December 06, 2025",RSVHub-ensemble
Oregon,2,0.018373705095150645,0.1510393921478232,0.49433410921880805,0.7775639916666672,6.391894941666667,20.919917958333333,0.02,0.15,0.49,1,6,20,wk inc rsv hosp,hosp,2025-12-20,2025-12-06,2025-12-03,"December 20, 2025","December 03, 2025","December 06, 2025",RSVHub-ensemble
Oregon,0,NA,NA,NA,2.650550006761579e-4,6.753080774444077e-4,0.0014324921792469242,NA,NA,NA,2.7e-4,6.8e-4,0.0014,wk inc rsv prop ed visits,prop_ed,2025-12-06,2025-12-06,2025-12-03,"December 06, 2025","December 03, 2025","December 06, 2025",RSVHub-ensemble
Oregon,1,NA,NA,NA,2.810881382943142e-4,8.327821514000296e-4,0.0019641535614063,NA,NA,NA,2.8e-4,8.3e-4,0.002,wk inc rsv prop ed visits,prop_ed,2025-12-13,2025-12-06,2025-12-03,"December 13, 2025","December 03, 2025","December 06, 2025",RSVHub-ensemble
Oregon,2,NA,NA,NA,2.158591744227538e-4,8.354199914437437e-4,0.0022541669016654196,NA,NA,NA,2.2e-4,8.4e-4,0.0023,wk inc rsv prop ed visits,prop_ed,2025-12-20,2025-12-06,2025-12-03,"December 20, 2025","December 03, 2025","December 06, 2025",RSVHub-ensemble
Pennsylvania,0,0.729033224391835,2.4789830466882985,6.632678297913649,94.475,321.25,859.5249999999999,0.73,2.48,6.63,90,320,860,wk inc rsv hosp,hosp,2025-12-06,2025-12-06,2025-12-03,"December 06, 2025","December 03, 2025","December 06, 2025",RSVHub-ensemble
Pennsylvania,1,1.0068336591958156,3.6615640642913543,12.695962162963434,130.475,474.5,1645.2624999999987,1.01,3.66,12.7,130,470,1600,wk inc rsv hosp,hosp,2025-12-13,2025-12-06,2025-12-03,"December 13, 2025","December 03, 2025","December 06, 2025",RSVHub-ensemble
Pennsylvania,2,0.29323379229309054,1.1343517754495873,4.020389625913163,38,147,521,0.29,1.13,4.02,40,150,520,wk inc rsv hosp,hosp,2025-12-20,2025-12-06,2025-12-03,"December 20, 2025","December 03, 2025","December 06, 2025",RSVHub-ensemble
Pennsylvania,0,NA,NA,NA,9.203135292385765e-4,0.0016181635432559976,0.0027336394981220405,NA,NA,NA,9.2e-4,0.0016,0.0027,wk inc rsv prop ed visits,prop_ed,2025-12-06,2025-12-06,2025-12-03,"December 06, 2025","December 03, 2025","December 06, 2025",RSVHub-ensemble
Pennsylvania,1,NA,NA,NA,0.0011311680947843003,0.0023472870827161915,0.004754772035193301,NA,NA,NA,0.0011,0.0023,0.0048,wk inc rsv prop ed visits,prop_ed,2025-12-13,2025-12-06,2025-12-03,"December 13, 2025","December 03, 2025","December 06, 2025",RSVHub-ensemble
Pennsylvania,2,NA,NA,NA,4.1588193189535656e-4,0.0013689870210687354,0.0035041182075357556,NA,NA,NA,4.2e-4,0.0014,0.0035,wk inc rsv prop ed visits,prop_ed,2025-12-20,2025-12-06,2025-12-03,"December 20, 2025","December 03, 2025","December 06, 2025",RSVHub-ensemble
Puerto Rico,0,1.4607985577048908,3.895462820546375,10.225589903934235,48,128,336,1.46,3.9,10.23,50,130,340,wk inc rsv hosp,hosp,2025-12-06,2025-12-06,2025-12-03,"December 06, 2025","December 03, 2025","December 06, 2025",RSVHub-ensemble
Puerto Rico,1,1.369498647848335,4.291095763258117,13.48195335548472,45,141,443,1.37,4.29,13.48,40,140,440,wk inc rsv hosp,hosp,2025-12-13,2025-12-06,2025-12-03,"December 13, 2025","December 03, 2025","December 06, 2025",RSVHub-ensemble
Puerto Rico,2,1.2477654347062608,4.534562189542265,17.194816356317986,41,149,565,1.25,4.53,17.19,40,150,560,wk inc rsv hosp,hosp,2025-12-20,2025-12-06,2025-12-03,"December 20, 2025","December 03, 2025","December 06, 2025",RSVHub-ensemble
Rhode Island,0,0.137312088407015,0.5950190497637317,1.64774506088418,1.5,6.5,18,0.14,0.6,1.65,2,6,20,wk inc rsv hosp,hosp,2025-12-06,2025-12-06,2025-12-03,"December 06, 2025","December 03, 2025","December 06, 2025",RSVHub-ensemble
Rhode Island,1,0.137312088407015,0.7781018343064183,2.334305502919255,1.5,8.5,25.5,0.14,0.78,2.33,2,8,30,wk inc rsv hosp,hosp,2025-12-13,2025-12-06,2025-12-03,"December 13, 2025","December 03, 2025","December 06, 2025",RSVHub-ensemble
Rhode Island,2,0,0.54924835362806,2.2885348067835833,0,6,25,0,0.55,2.29,0,6,20,wk inc rsv hosp,hosp,2025-12-20,2025-12-06,2025-12-03,"December 20, 2025","December 03, 2025","December 06, 2025",RSVHub-ensemble
Rhode Island,0,NA,NA,NA,0.001027190883377706,0.0023558279937722342,0.00463525304747095,NA,NA,NA,0.001,0.0024,0.0046,wk inc rsv prop ed visits,prop_ed,2025-12-06,2025-12-06,2025-12-03,"December 06, 2025","December 03, 2025","December 06, 2025",RSVHub-ensemble
Rhode Island,1,NA,NA,NA,0.0010951409102477906,0.0028903209656934445,0.006645287023923177,NA,NA,NA,0.0011,0.0029,0.0066,wk inc rsv prop ed visits,prop_ed,2025-12-13,2025-12-06,2025-12-03,"December 13, 2025","December 03, 2025","December 06, 2025",RSVHub-ensemble
Rhode Island,2,NA,NA,NA,0.0010671535299275796,0.00280738435766096,0.006633733167974112,NA,NA,NA,0.0011,0.0028,0.0066,wk inc rsv prop ed visits,prop_ed,2025-12-20,2025-12-06,2025-12-03,"December 20, 2025","December 03, 2025","December 06, 2025",RSVHub-ensemble
South Carolina,0,0.8340636857293017,1.5931553547638344,3.2615170137746072,44.5,85,174.01249999999993,0.83,1.59,3.26,40,80,170,wk inc rsv hosp,hosp,2025-12-06,2025-12-06,2025-12-03,"December 06, 2025","December 03, 2025","December 06, 2025",RSVHub-ensemble
South Carolina,1,0.8434351878161477,1.9305294298902935,4.948387389406903,45,103,264.01249999999993,0.84,1.93,4.95,40,100,260,wk inc rsv hosp,hosp,2025-12-13,2025-12-06,2025-12-03,"December 13, 2025","December 03, 2025","December 06, 2025",RSVHub-ensemble
South Carolina,2,0.41234609182122767,1.5931553547638344,5.885303310539341,22,85,314,0.41,1.59,5.89,20,80,310,wk inc rsv hosp,hosp,2025-12-20,2025-12-06,2025-12-03,"December 20, 2025","December 03, 2025","December 06, 2025",RSVHub-ensemble
South Carolina,0,NA,NA,NA,0.0034437308646031958,0.005409270382372199,0.008413250921918742,NA,NA,NA,0.0034,0.0054,0.0084,wk inc rsv prop ed visits,prop_ed,2025-12-06,2025-12-06,2025-12-03,"December 06, 2025","December 03, 2025","December 06, 2025",RSVHub-ensemble
South Carolina,1,NA,NA,NA,0.003440580696513892,0.006448579878491748,0.012360567700539426,NA,NA,NA,0.0034,0.0064,0.012,wk inc rsv prop ed visits,prop_ed,2025-12-13,2025-12-06,2025-12-03,"December 13, 2025","December 03, 2025","December 06, 2025",RSVHub-ensemble
South Carolina,2,NA,NA,NA,0.0021991562711147937,0.005393456059453972,0.012708270406706098,NA,NA,NA,0.0022,0.0054,0.013,wk inc rsv prop ed visits,prop_ed,2025-12-20,2025-12-06,2025-12-03,"December 20, 2025","December 03, 2025","December 06, 2025",RSVHub-ensemble
South Dakota,0,0,0.054584795296100684,0.3275087717766041,0,0.5,3,0,0.05,0.33,0,0,3,wk inc rsv hosp,hosp,2025-12-06,2025-12-06,2025-12-03,"December 06, 2025","December 03, 2025","December 06, 2025",RSVHub-ensemble
South Dakota,1,0,0.054584795296100684,0.49126315766490614,0,0.5,4.5,0,0.05,0.49,0,0,4,wk inc rsv hosp,hosp,2025-12-13,2025-12-06,2025-12-03,"December 13, 2025","December 03, 2025","December 06, 2025",RSVHub-ensemble
South Dakota,2,0,0.10916959059220137,0.7641871341454095,0,1,7,0,0.11,0.76,0,1,7,wk inc rsv hosp,hosp,2025-12-20,2025-12-06,2025-12-03,"December 20, 2025","December 03, 2025","December 06, 2025",RSVHub-ensemble
South Dakota,0,NA,NA,NA,2.1336579836082943e-5,1.2578162891323707e-4,6.615945077349836e-4,NA,NA,NA,2.1e-5,1.3e-4,6.6e-4,wk inc rsv prop ed visits,prop_ed,2025-12-06,2025-12-06,2025-12-03,"December 06, 2025","December 03, 2025","December 06, 2025",RSVHub-ensemble
South Dakota,1,NA,NA,NA,2.493841834955312e-5,1.5139519730993938e-4,7.467238359419011e-4,NA,NA,NA,2.5e-5,1.5e-4,7.5e-4,wk inc rsv prop ed visits,prop_ed,2025-12-13,2025-12-06,2025-12-03,"December 13, 2025","December 03, 2025","December 06, 2025",RSVHub-ensemble
South Dakota,2,NA,NA,NA,5.79218643149493e-5,3.6040149107199047e-4,0.001096252641820778,NA,NA,NA,5.8e-5,3.6e-4,0.0011,wk inc rsv prop ed visits,prop_ed,2025-12-20,2025-12-06,2025-12-03,"December 20, 2025","December 03, 2025","December 06, 2025",RSVHub-ensemble
Tennessee,0,0.24717088588846345,0.4308047397375502,0.7739059186495426,17.565957820283334,30.6164614,55,0.25,0.43,0.77,20,30,60,wk inc rsv hosp,hosp,2025-12-06,2025-12-06,2025-12-03,"December 06, 2025","December 03, 2025","December 06, 2025",RSVHub-ensemble
Tennessee,1,0.2673493173516602,0.546887807492169,1.1401041283378015,19,38.866260985,81.02499999999986,0.27,0.55,1.14,20,40,80,wk inc rsv hosp,hosp,2025-12-13,2025-12-06,2025-12-03,"December 13, 2025","December 03, 2025","December 06, 2025",RSVHub-ensemble
Tennessee,2,0.33728701358664537,0.6021703636855952,1.4488245247361673,23.970337091666664,42.795085558333334,102.96516274166666,0.34,0.6,1.45,20,40,100,wk inc rsv hosp,hosp,2025-12-20,2025-12-06,2025-12-03,"December 20, 2025","December 03, 2025","December 06, 2025",RSVHub-ensemble
Tennessee,0,NA,NA,NA,0.0012383424928361308,0.002115014406226878,0.003534200039688175,NA,NA,NA,0.0012,0.0021,0.0035,wk inc rsv prop ed visits,prop_ed,2025-12-06,2025-12-06,2025-12-03,"December 06, 2025","December 03, 2025","December 06, 2025",RSVHub-ensemble
Tennessee,1,NA,NA,NA,0.0012521807664490473,0.002558677252170179,0.004899486084633433,NA,NA,NA,0.0013,0.0026,0.0049,wk inc rsv prop ed visits,prop_ed,2025-12-13,2025-12-06,2025-12-03,"December 13, 2025","December 03, 2025","December 06, 2025",RSVHub-ensemble
Tennessee,2,NA,NA,NA,8.248234019447641e-4,0.0023168468734286263,0.005683865694402625,NA,NA,NA,8.2e-4,0.0023,0.0057,wk inc rsv prop ed visits,prop_ed,2025-12-20,2025-12-06,2025-12-03,"December 20, 2025","December 03, 2025","December 06, 2025",RSVHub-ensemble
Texas,0,0.5560424668868671,0.9739689042000895,1.8656769212211175,168.9875,296,567,0.56,0.97,1.87,170,300,570,wk inc rsv hosp,hosp,2025-12-06,2025-12-06,2025-12-03,"December 06, 2025","December 03, 2025","December 06, 2025",RSVHub-ensemble
Texas,1,0.5297189829895673,1.095715017225101,2.5829918574225346,160.9875,333,785,0.53,1.1,2.58,160,330,780,wk inc rsv hosp,hosp,2025-12-13,2025-12-06,2025-12-03,"December 13, 2025","December 03, 2025","December 06, 2025",RSVHub-ensemble
Texas,2,0.3125913712804341,1.1088767591737505,3.902456487774683,95,337,1186,0.31,1.11,3.9,100,340,1200,wk inc rsv hosp,hosp,2025-12-20,2025-12-06,2025-12-03,"December 20, 2025","December 03, 2025","December 06, 2025",RSVHub-ensemble
Texas,0,NA,NA,NA,0.0031407799250862617,0.004740527796529869,0.007309539681097532,NA,NA,NA,0.0031,0.0047,0.0073,wk inc rsv prop ed visits,prop_ed,2025-12-06,2025-12-06,2025-12-03,"December 06, 2025","December 03, 2025","December 06, 2025",RSVHub-ensemble
Texas,1,NA,NA,NA,0.0030091487205958015,0.0053372255114830115,0.00939367395839482,NA,NA,NA,0.003,0.0053,0.0094,wk inc rsv prop ed visits,prop_ed,2025-12-13,2025-12-06,2025-12-03,"December 13, 2025","December 03, 2025","December 06, 2025",RSVHub-ensemble
Texas,2,NA,NA,NA,0.0023044472707982543,0.0055981857434983726,0.012857746793398812,NA,NA,NA,0.0023,0.0056,0.013,wk inc rsv prop ed visits,prop_ed,2025-12-20,2025-12-06,2025-12-03,"December 20, 2025","December 03, 2025","December 06, 2025",RSVHub-ensemble
Utah,0,0.017092814524468498,0.2365056552426059,0.4323136042427844,0.5834278416666665,8.072630975,14.756129991666665,0.02,0.24,0.43,1,8,10,wk inc rsv hosp,hosp,2025-12-06,2025-12-06,2025-12-03,"December 06, 2025","December 03, 2025","December 06, 2025",RSVHub-ensemble
Utah,1,0,0.23566699308653943,0.48582003898678877,0,8.044004978333334,16.58246138333333,0,0.24,0.49,0,8,20,wk inc rsv hosp,hosp,2025-12-13,2025-12-06,2025-12-03,"December 13, 2025","December 03, 2025","December 06, 2025",RSVHub-ensemble
Utah,2,0,0.26024131488760754,0.5835601143577966,0,8.882798584166666,19.918616534166667,0,0.26,0.58,0,9,20,wk inc rsv hosp,hosp,2025-12-20,2025-12-06,2025-12-03,"December 20, 2025","December 03, 2025","December 06, 2025",RSVHub-ensemble
Utah,0,NA,NA,NA,6.654803618544943e-5,3.4231929252843897e-4,9.770119908819304e-4,NA,NA,NA,6.7e-5,3.4e-4,9.8e-4,wk inc rsv prop ed visits,prop_ed,2025-12-06,2025-12-06,2025-12-03,"December 06, 2025","December 03, 2025","December 06, 2025",RSVHub-ensemble
Utah,1,NA,NA,NA,7.885301835038336e-5,3.9865805888450613e-4,0.0011647217271093882,NA,NA,NA,7.9e-5,4e-4,0.0012,wk inc rsv prop ed visits,prop_ed,2025-12-13,2025-12-06,2025-12-03,"December 13, 2025","December 03, 2025","December 06, 2025",RSVHub-ensemble
Utah,2,NA,NA,NA,9.66928900951892e-5,4.863112679971006e-4,0.0014235431852436524,NA,NA,NA,9.7e-5,4.9e-4,0.0014,wk inc rsv prop ed visits,prop_ed,2025-12-20,2025-12-06,2025-12-03,"December 20, 2025","December 03, 2025","December 06, 2025",RSVHub-ensemble
Vermont,0,0,0.1544842928095286,0.6951793176428787,0,1,4.5,0,0.15,0.7,0,1,4,wk inc rsv hosp,hosp,2025-12-06,2025-12-06,2025-12-03,"December 06, 2025","December 03, 2025","December 06, 2025",RSVHub-ensemble
Vermont,1,0,0.1544842928095286,0.8496636104524071,0,1,5.5,0,0.15,0.85,0,1,6,wk inc rsv hosp,hosp,2025-12-13,2025-12-06,2025-12-03,"December 13, 2025","December 03, 2025","December 06, 2025",RSVHub-ensemble
Vermont,2,0,0.1544842928095286,1.0813900496667002,0,1,7,0,0.15,1.08,0,1,7,wk inc rsv hosp,hosp,2025-12-20,2025-12-06,2025-12-03,"December 20, 2025","December 03, 2025","December 06, 2025",RSVHub-ensemble
Vermont,0,NA,NA,NA,5.2754756833088384e-5,3.329800413292765e-4,0.0011308023553281464,NA,NA,NA,5.3e-5,3.3e-4,0.0011,wk inc rsv prop ed visits,prop_ed,2025-12-06,2025-12-06,2025-12-03,"December 06, 2025","December 03, 2025","December 06, 2025",RSVHub-ensemble
Vermont,1,NA,NA,NA,6.658873989252775e-5,3.740973352452083e-4,0.0014334407840499558,NA,NA,NA,6.7e-5,3.7e-4,0.0014,wk inc rsv prop ed visits,prop_ed,2025-12-13,2025-12-06,2025-12-03,"December 13, 2025","December 03, 2025","December 06, 2025",RSVHub-ensemble
Vermont,2,NA,NA,NA,1.5867698654485634e-4,6.525572697423006e-4,0.001777426558099396,NA,NA,NA,1.6e-4,6.5e-4,0.0018,wk inc rsv prop ed visits,prop_ed,2025-12-20,2025-12-06,2025-12-03,"December 20, 2025","December 03, 2025","December 06, 2025",RSVHub-ensemble
Virginia,0,0.32497754173059823,0.6963804465655677,1.5668560047725273,28,60,135,0.32,0.7,1.57,30,60,140,wk inc rsv hosp,hosp,2025-12-06,2025-12-06,2025-12-03,"December 06, 2025","December 03, 2025","December 06, 2025",RSVHub-ensemble
Virginia,1,0.3307807121186447,0.8182470247145419,2.124105441284682,28.5,70.5,183.01249999999993,0.33,0.82,2.12,30,70,180,wk inc rsv hosp,hosp,2025-12-13,2025-12-06,2025-12-03,"December 13, 2025","December 03, 2025","December 06, 2025",RSVHub-ensemble
Virginia,2,0.17409511164139194,0.7079867873416605,2.599820333844786,15,61,224,0.17,0.71,2.6,20,60,220,wk inc rsv hosp,hosp,2025-12-20,2025-12-06,2025-12-03,"December 20, 2025","December 03, 2025","December 06, 2025",RSVHub-ensemble
Virginia,0,NA,NA,NA,0.002325502964516894,0.003766882822718862,0.0060414457227113885,NA,NA,NA,0.0023,0.0038,0.006,wk inc rsv prop ed visits,prop_ed,2025-12-06,2025-12-06,2025-12-03,"December 06, 2025","December 03, 2025","December 06, 2025",RSVHub-ensemble
Virginia,1,NA,NA,NA,0.0023147991788251853,0.004377456434673684,0.008149865357864664,NA,NA,NA,0.0023,0.0044,0.0081,wk inc rsv prop ed visits,prop_ed,2025-12-13,2025-12-06,2025-12-03,"December 13, 2025","December 03, 2025","December 06, 2025",RSVHub-ensemble
Virginia,2,NA,NA,NA,0.0016458386781369372,0.00421684421728472,0.010072930562497603,NA,NA,NA,0.0016,0.0042,0.01,wk inc rsv prop ed visits,prop_ed,2025-12-20,2025-12-06,2025-12-03,"December 20, 2025","December 03, 2025","December 06, 2025",RSVHub-ensemble
Washington,0,0.08355786087239431,0.25115657603263025,0.7471908136970742,6.487500000000001,19.5,58.01249999999993,0.08,0.25,0.75,6,20,60,wk inc rsv hosp,hosp,2025-12-06,2025-12-06,2025-12-03,"December 06, 2025","December 03, 2025","December 06, 2025",RSVHub-ensemble
Washington,1,0.10947850750140292,0.3252155664012264,1.0497056895722752,8.5,25.25,81.5,0.11,0.33,1.05,8,30,80,wk inc rsv hosp,hosp,2025-12-13,2025-12-06,2025-12-03,"December 13, 2025","December 03, 2025","December 06, 2025",RSVHub-ensemble
Washington,2,0.06439912205964878,0.28335613706245466,1.1591841970736783,5,22,90,0.06,0.28,1.16,5,20,90,wk inc rsv hosp,hosp,2025-12-20,2025-12-06,2025-12-03,"December 20, 2025","December 03, 2025","December 06, 2025",RSVHub-ensemble
Washington,0,NA,NA,NA,0.0010365561322481355,0.0018277094424929336,0.0030795536970450945,NA,NA,NA,0.001,0.0018,0.0031,wk inc rsv prop ed visits,prop_ed,2025-12-06,2025-12-06,2025-12-03,"December 06, 2025","December 03, 2025","December 06, 2025",RSVHub-ensemble
Washington,1,NA,NA,NA,0.0011182400909305506,0.0022773956499244443,0.004464776438508447,NA,NA,NA,0.0011,0.0023,0.0045,wk inc rsv prop ed visits,prop_ed,2025-12-13,2025-12-06,2025-12-03,"December 13, 2025","December 03, 2025","December 06, 2025",RSVHub-ensemble
Washington,2,NA,NA,NA,7.05909046143186e-4,0.001978079583629168,0.004875804484956727,NA,NA,NA,7.1e-4,0.002,0.0049,wk inc rsv prop ed visits,prop_ed,2025-12-20,2025-12-06,2025-12-03,"December 20, 2025","December 03, 2025","December 06, 2025",RSVHub-ensemble
West Virginia,0,0.39550681655998343,0.9322660676056752,1.9499898580752,7,16.5,34.51249999999993,0.4,0.93,1.95,7,20,30,wk inc rsv hosp,hosp,2025-12-06,2025-12-06,2025-12-03,"December 06, 2025","December 03, 2025","December 06, 2025",RSVHub-ensemble
West Virginia,1,0.4802582772514084,1.2712719103713752,3.192305019377009,8.5,22.5,56.5,0.48,1.27,3.19,8,20,60,wk inc rsv hosp,hosp,2025-12-13,2025-12-06,2025-12-03,"December 13, 2025","December 03, 2025","December 06, 2025",RSVHub-ensemble
West Virginia,2,0.05650097379428335,0.4520077903542668,2.0340350565942003,1,8,36,0.06,0.45,2.03,1,8,40,wk inc rsv hosp,hosp,2025-12-20,2025-12-06,2025-12-03,"December 20, 2025","December 03, 2025","December 06, 2025",RSVHub-ensemble
West Virginia,0,NA,NA,NA,0.00190992186102564,0.003401512089035541,0.005880610177985973,NA,NA,NA,0.0019,0.0034,0.0059,wk inc rsv prop ed visits,prop_ed,2025-12-06,2025-12-06,2025-12-03,"December 06, 2025","December 03, 2025","December 06, 2025",RSVHub-ensemble
West Virginia,1,NA,NA,NA,0.002275290026867264,0.0045929624525771744,0.009226212467779975,NA,NA,NA,0.0023,0.0046,0.0092,wk inc rsv prop ed visits,prop_ed,2025-12-13,2025-12-06,2025-12-03,"December 13, 2025","December 03, 2025","December 06, 2025",RSVHub-ensemble
West Virginia,2,NA,NA,NA,0.0012190702219141809,0.00315295411701289,0.007468580224244173,NA,NA,NA,0.0012,0.0032,0.0075,wk inc rsv prop ed visits,prop_ed,2025-12-20,2025-12-06,2025-12-03,"December 20, 2025","December 03, 2025","December 06, 2025",RSVHub-ensemble
Wisconsin,0,0.06768672822323353,0.22844270775341316,0.5501661878394689,4,13.5,32.51249999999993,0.07,0.23,0.55,4,10,30,wk inc rsv hosp,hosp,2025-12-06,2025-12-06,2025-12-03,"December 06, 2025","December 03, 2025","December 06, 2025",RSVHub-ensemble
Wisconsin,1,0.06768672822323353,0.26228607186502995,0.7783973745671857,4,15.5,46,0.07,0.26,0.78,4,20,50,wk inc rsv hosp,hosp,2025-12-13,2025-12-06,2025-12-03,"December 13, 2025","December 03, 2025","December 06, 2025",RSVHub-ensemble
Wisconsin,2,0.05076504616742516,0.3045902770045509,1.1845177439065868,3,18,70,0.05,0.3,1.18,3,20,70,wk inc rsv hosp,hosp,2025-12-20,2025-12-06,2025-12-03,"December 20, 2025","December 03, 2025","December 06, 2025",RSVHub-ensemble
Wisconsin,0,NA,NA,NA,1.0300397626635612e-4,3.4313219140254215e-4,7.981623746155516e-4,NA,NA,NA,1e-4,3.4e-4,8e-4,wk inc rsv prop ed visits,prop_ed,2025-12-06,2025-12-06,2025-12-03,"December 06, 2025","December 03, 2025","December 06, 2025",RSVHub-ensemble
Wisconsin,1,NA,NA,NA,1.1191753013804911e-4,4.0771302138459644e-4,0.0010198048631198653,NA,NA,NA,1.1e-4,4.1e-4,0.001,wk inc rsv prop ed visits,prop_ed,2025-12-13,2025-12-06,2025-12-03,"December 13, 2025","December 03, 2025","December 06, 2025",RSVHub-ensemble
Wisconsin,2,NA,NA,NA,1.1621680309537636e-4,5.324415159335024e-4,0.0014834925733117317,NA,NA,NA,1.2e-4,5.3e-4,0.0015,wk inc rsv prop ed visits,prop_ed,2025-12-20,2025-12-06,2025-12-03,"December 20, 2025","December 03, 2025","December 06, 2025",RSVHub-ensemble
Wyoming,0,0,0,0.6881175855330158,0,0,4,0,0,0.69,0,0,4,wk inc rsv hosp,hosp,2025-12-06,2025-12-06,2025-12-03,"December 06, 2025","December 03, 2025","December 06, 2025",RSVHub-ensemble
Wyoming,1,0,0.17202939638325396,0.6881175855330158,0,1,4,0,0.17,0.69,0,1,4,wk inc rsv hosp,hosp,2025-12-13,2025-12-06,2025-12-03,"December 13, 2025","December 03, 2025","December 06, 2025",RSVHub-ensemble
Wyoming,2,0,0.17202939638325396,1.0321763782995237,0,1,6,0,0.17,1.03,0,1,6,wk inc rsv hosp,hosp,2025-12-20,2025-12-06,2025-12-03,"December 20, 2025","December 03, 2025","December 06, 2025",RSVHub-ensemble
